contig	start	stop	target	context	overflow	orientation	Doench2014OnTarget	DoenchCFD_maxOT	DoenchCFD_specificityscore	dangerous_GC	dangerous_polyT	dangerous_in_genome	Hsu2013	basesDiffToClosestHit	closestHitCount	0-1-2-3-4_mismatch	otCount
dsx_W1	4	27	TAGTTATTGATATGGGCAGGAGG	NONE	OK	RVS	NA	0.20299884689770967	0.6739262526118595	NONE	NONE	IN_GENOME=1	99.47463398481449	4	7	1,0,0,0,7	8
dsx_W1	7	30	GTTTAGTTATTGATATGGGCAGG	ATCAACGTTTAGTTATTGATATGGGCAGGAGGAAG	OK	RVS	0.21029462187889011	0.33333333308095237	0.4467906192370472	NONE	NONE	IN_GENOME=1	98.02589884704005	3	2	1,0,0,2,9	12
dsx_W1	11	34	CAACGTTTAGTTATTGATATGGG	CCAAATCAACGTTTAGTTATTGATATGGGCAGGAG	OK	RVS	0.10124120962098139	0.3823529411	0.36692498957717873	NONE	NONE	IN_GENOME=1	97.32905504572787	4	11	1,0,0,0,11	12
dsx_W1	12	35	TCAACGTTTAGTTATTGATATGG	GCCAAATCAACGTTTAGTTATTGATATGGGCAGGA	OK	RVS	0.01033636251305702	0.4458204333547988	0.493987731653286	NONE	NONE	IN_GENOME=1	99.31414382201534	4	7	1,0,0,0,7	8
dsx_W1	17	40	TCAATAACTAAACGTTGATTTGG	CCCATATCAATAACTAAACGTTGATTTGGCCATGA	OK	FWD	0.03232122834764206	0.4450549451167582	0.42724368336897295	NONE	NONE	IN_GENOME=1	97.15237822526971	3	1	1,0,0,1,12	14
dsx_W1	40	63	GGCATTAAATAAATCATTCATGG	TCGCTCGGCATTAAATAAATCATTCATGGCCAAAT	OK	RVS	0.022215092035861972	0.41711229896485874	0.47924290852166873	NONE	NONE	IN_GENOME=1	96.13629968209487	3	3	1,0,0,3,12	16
dsx_W2	45	68	CACACCCACATACAAAGATACGG	CATACACACACCCACATACAAAGATACGGACAGTT	OK	FWD	0.19332326529312638	0.6753246753831169	0.042357477428065615	NONE	NONE	IN_GENOME=1	80.83649940045413	2	1	1,0,1,28,329	359
dsx_W2	49	72	CTGTCCGTATCTTTGTATGTGGG	CTGTAACTGTCCGTATCTTTGTATGTGGGTGTGTG	OK	RVS	0.25553836321938783	0.3654135338205321	0.40487963408742067	NONE	NONE	IN_GENOME=1	96.071314761316	3	1	1,0,0,1,12	14
dsx_W2	50	73	ACTGTCCGTATCTTTGTATGTGG	ACTGTAACTGTCCGTATCTTTGTATGTGGGTGTGT	OK	RVS	0.07033576576197983	0.49744897958099493	0.6083943286633963	NONE	NONE	IN_GENOME=1	99.46358491132744	4	4	1,0,0,0,4	5
dsx_W1	53	76	ATTTAATGCCGAGCGATACCAGG	TGATTTATTTAATGCCGAGCGATACCAGGCGATGA	OK	FWD	0.27383316989572504	0.34332531329657323	0.6307859699440646	NONE	NONE	IN_GENOME=1	99.07368464343789	4	6	1,0,0,0,6	7
dsx_W2	58	81	AAAGATACGGACAGTTACAGTGG	ACATACAAAGATACGGACAGTTACAGTGGTGCGGA	OK	FWD	0.36067301750529185	0.2731313130383434	0.4678228462308281	NONE	NONE	IN_GENOME=1	97.39410973743406	3	1	1,0,0,1,8	10
dsx_W1	61	84	GATCATCGCCTGGTATCGCTCGG	AGTATCGATCATCGCCTGGTATCGCTCGGCATTAA	OK	RVS	0.6562547253500737	0.24695592544229117	0.4599030885690069	NONE	NONE	IN_GENOME=1	98.36548375045749	4	10	1,0,0,0,10	11
dsx_W2	63	86	TACGGACAGTTACAGTGGTGCGG	CAAAGATACGGACAGTTACAGTGGTGCGGAAAGTT	OK	FWD	0.24109500588833405	0.6061224490989797	0.3246044816784972	NONE	NONE	IN_GENOME=1	96.01044137788325	3	1	1,0,0,1,10	12
dsx_W1	69	92	TACCAGGCGATGATCGATACTGG	GAGCGATACCAGGCGATGATCGATACTGGCAGAAG	OK	FWD	0.08328309366731003	0.1836734694897959	0.3443980614409918	NONE	NONE	IN_GENOME=1	95.81258774403425	4	19	1,0,0,0,19	20
dsx_W1	71	94	TGCCAGTATCGATCATCGCCTGG	TACTTCTGCCAGTATCGATCATCGCCTGGTATCGC	OK	RVS	0.1774129819343256	0.3649122808157895	0.35542466862992333	NONE	NONE	IN_GENOME=1	98.21959844143497	3	1	1,0,0,1,11	13
dsx_W2	87	110	AAGTTTATCATCCACTCTGACGG	TGCGGAAAGTTTATCATCCACTCTGACGGGTGGTA	OK	FWD	0.25262927335139695	0.16161616157979797	0.5657364962566824	NONE	NONE	IN_GENOME=1	97.63120561362268	3	1	1,0,0,1,11	13
dsx_W2	88	111	AGTTTATCATCCACTCTGACGGG	GCGGAAAGTTTATCATCCACTCTGACGGGTGGTAT	OK	FWD	0.1858105981430385	0.06377551021683672	0.8610675823771272	NONE	NONE	IN_GENOME=1	99.20035633311993	3	1	1,0,0,1,6	8
dsx_W2	91	114	TTATCATCCACTCTGACGGGTGG	GAAAGTTTATCATCCACTCTGACGGGTGGTATTGC	OK	FWD	0.8113758251798885	0.41176470589779407	0.457112246506294	NONE	NONE	IN_GENOME=1	98.86059341140627	3	1	1,0,0,1,7	9
dsx_W1	91	114	GCAGAAGTAAAGCAGCCCCCAGG	ATACTGGCAGAAGTAAAGCAGCCCCCAGGGTGGGA	OK	FWD	0.764202546750215	0.4099346408486274	0.5666137314002639	NONE	NONE	IN_GENOME=1	99.00126005993373	4	9	1,0,0,0,9	10
dsx_W1	92	115	CAGAAGTAAAGCAGCCCCCAGGG	TACTGGCAGAAGTAAAGCAGCCCCCAGGGTGGGAG	OK	FWD	0.3960842696861754	0.18857142852761907	0.5669472143072742	NONE	NONE	IN_GENOME=1	98.11825416587664	4	8	1,0,0,0,8	9
dsx_W1	95	118	AAGTAAAGCAGCCCCCAGGGTGG	TGGCAGAAGTAAAGCAGCCCCCAGGGTGGGAGCGG	OK	FWD	0.13518216267950414	0.46218487410084036	0.47286190364377273	NONE	NONE	IN_GENOME=1	97.15521762512064	3	2	1,0,0,2,11	14
dsx_W1	96	119	AGTAAAGCAGCCCCCAGGGTGGG	GGCAGAAGTAAAGCAGCCCCCAGGGTGGGAGCGGA	OK	FWD	0.11260529026261551	0.2380952381190476	0.6048794005100063	NONE	NONE	IN_GENOME=1	98.59316088829645	3	1	1,0,0,1,7	9
dsx_W2	98	121	CGCAATACCACCCGTCAGAGTGG	GAGTTGCGCAATACCACCCGTCAGAGTGGATGATA	OK	RVS	0.2861230061880919	0.3776223771758242	0.6611304519308135	NONE	NONE	IN_GENOME=1	99.00937172129518	4	5	1,0,0,0,5	6
dsx_W1	101	124	AGCAGCCCCCAGGGTGGGAGCGG	AAGTAAAGCAGCCCCCAGGGTGGGAGCGGAACCAA	OK	FWD	0.1157270494655758	0.6999999996333334	0.2027554075238372	NONE	NONE	IN_GENOME=1	96.84910195316941	4	25	1,0,0,0,25	26
dsx_W1	106	129	TGGTTCCGCTCCCACCCTGGGGG	TAACATTGGTTCCGCTCCCACCCTGGGGGCTGCTT	OK	RVS	0.3673194279225223	0.2916666670208333	0.6357925932261284	NONE	NONE	IN_GENOME=1	98.00600440735461	4	9	1,0,0,0,9	10
dsx_W1	107	130	TTGGTTCCGCTCCCACCCTGGGG	TTAACATTGGTTCCGCTCCCACCCTGGGGGCTGCT	OK	RVS	0.18310270801011308	0.1310924369960784	0.7617262247360508	NONE	NONE	IN_GENOME=1	98.3568643374745	3	1	1,0,0,1,7	9
dsx_W1	108	131	ATTGGTTCCGCTCCCACCCTGGG	GTTAACATTGGTTCCGCTCCCACCCTGGGGGCTGC	OK	RVS	0.033961724028042345	0.28361344527415966	0.5449204751236262	NONE	NONE	IN_GENOME=1	98.06318621708094	3	1	1,0,0,1,7	9
dsx_W1	109	132	CATTGGTTCCGCTCCCACCCTGG	CGTTAACATTGGTTCCGCTCCCACCCTGGGGGCTG	OK	RVS	0.07165217781200056	0.40000000017606835	0.46167399815212457	NONE	NONE	IN_GENOME=1	97.60037956400116	3	1	1,0,0,1,14	16
dsx_W2	126	149	TCTGAACATGTTTGATGGCGTGG	GCATAATCTGAACATGTTTGATGGCGTGGAGTTGC	OK	RVS	0.12284725181349214	0.17454545480727274	0.5367942746062948	NONE	NONE	IN_GENOME=1	98.14350000051009	4	8	1,0,0,0,8	9
dsx_W1	126	149	CAATATGTTGTCGTTAACATTGG	AAACGCCAATATGTTGTCGTTAACATTGGTTCCGC	OK	RVS	0.10158243010078544	0.14873106407889042	0.657389753754725	NONE	NONE	IN_GENOME=1	98.08092299935684	3	1	1,0,0,1,6	8
dsx_W1	127	150	CAATGTTAACGACAACATATTGG	CGGAACCAATGTTAACGACAACATATTGGCGTTTT	OK	FWD	0.04820194363506307	0.3750000001875	0.3834245912262958	NONE	NONE	IN_GENOME=1	97.45005287486883	3	2	1,0,0,2,14	17
dsx_W2	131	154	CATAATCTGAACATGTTTGATGG	CGATTGCATAATCTGAACATGTTTGATGGCGTGGA	OK	RVS	0.19258772581124228	0.4260504202299719	0.2852258574787778	NONE	NONE	IN_GENOME=1	95.04277693945656	3	3	1,0,0,3,15	19
dsx_W1	157	180	CGGGCTGGGGATGTTATTAGAGG	TTTCCACGGGCTGGGGATGTTATTAGAGGAAAAAC	OK	RVS	0.07992206632854247	0.10773311574739848	0.8780117762868952	NONE	NONE	IN_GENOME=1	98.7173806115867	3	2	1,0,0,2,3	6
dsx_W1	160	183	CTAATAACATCCCCAGCCCGTGG	TTTCCTCTAATAACATCCCCAGCCCGTGGAAACAG	OK	FWD	0.7756942697825527	0.22310697116286057	0.5083860688162262	NONE	NONE	IN_GENOME=1	97.34243237667009	3	1	1,0,0,1,10	12
dsx_W1	170	193	CACACTGTTTCCACGGGCTGGGG	GATCTTCACACTGTTTCCACGGGCTGGGGATGTTA	OK	RVS	0.07810746035556096	0.866666667	0.2782914031526508	NONE	NONE	IN_GENOME=1	96.28006558363322	3	1	1,0,0,1,13	15
dsx_W1	171	194	TCACACTGTTTCCACGGGCTGGG	TGATCTTCACACTGTTTCCACGGGCTGGGGATGTT	OK	RVS	0.09110051790857558	0.197802197521978	0.5665338772604418	NONE	NONE	IN_GENOME=1	98.0920636350875	4	12	1,0,0,0,12	13
dsx_W1	172	195	TTCACACTGTTTCCACGGGCTGG	TTGATCTTCACACTGTTTCCACGGGCTGGGGATGT	OK	RVS	0.03811507689767569	0.47142857162893764	0.32582700097883105	NONE	NONE	IN_GENOME=1	94.93142521052157	3	4	1,0,0,4,6	11
dsx_W2	174	197	GTTTAACACAGGTCAAGCGGTGG	ATTTATGTTTAACACAGGTCAAGCGGTGGTCAACG	OK	RVS	0.5699321235972956	0.19241982506880467	0.7056216851630774	NONE	NONE	IN_GENOME=1	98.88182729954012	3	1	1,0,0,1,5	7
dsx_W1	176	199	GATCTTCACACTGTTTCCACGGG	TTCTTTGATCTTCACACTGTTTCCACGGGCTGGGG	OK	RVS	0.320739950814043	0.16581632645153063	0.5409421899647139	NONE	NONE	IN_GENOME=1	98.37030515296576	4	10	1,0,0,0,10	11
dsx_W2	177	200	TATGTTTAACACAGGTCAAGCGG	TTCATTTATGTTTAACACAGGTCAAGCGGTGGTCA	OK	RVS	0.4183988576264057	0.11931818202272727	0.6736761405417696	NONE	NONE	IN_GENOME=1	98.18298994290953	3	1	1,0,0,1,6	8
dsx_W1	177	200	TGATCTTCACACTGTTTCCACGG	ATTCTTTGATCTTCACACTGTTTCCACGGGCTGGG	OK	RVS	0.1573219246264186	0.30903009996181713	0.4680072473683503	NONE	NONE	IN_GENOME=1	97.7300207618695	4	15	1,0,0,0,15	16
dsx_W2	185	208	CATTCATTTATGTTTAACACAGG	CCTTTCCATTCATTTATGTTTAACACAGGTCAAGC	OK	RVS	0.16827655990532428	0.206570922323431	0.5755073490416278	NONE	NONE	IN_GENOME=1	98.66583886893278	4	14	1,0,0,0,14	15
dsx_W2	186	209	CTGTGTTAAACATAAATGAATGG	CTTGACCTGTGTTAAACATAAATGAATGGAAAGGT	OK	FWD	0.0973799049482963	0.392549019772549	0.3404953005823569	NONE	NONE	IN_GENOME=1	93.65920510649809	3	2	1,0,0,2,16	19
dsx_W2	191	214	TTAAACATAAATGAATGGAAAGG	CCTGTGTTAAACATAAATGAATGGAAAGGTAAGGC	OK	FWD	0.17907439885466403	0.5244147151168946	0.0867143335641297	GC_0.2	NONE	IN_GENOME=1	90.83631208607028	3	6	1,0,0,6,53	60
dsx_W1	192	215	GAAGATCAAAGAATGTCCGAAGG	CAGTGTGAAGATCAAAGAATGTCCGAAGGCCATTT	OK	FWD	0.20634458874528677	0.0848484849430303	0.6878728393738223	NONE	NONE	IN_GENOME=1	98.80664827718971	4	12	1,0,0,0,12	13
dsx_W2	196	219	CATAAATGAATGGAAAGGTAAGG	GTTAAACATAAATGAATGGAAAGGTAAGGCTTTGA	OK	FWD	0.06501062898209992	0.37815126027731094	0.23740582010195654	NONE	NONE	IN_GENOME=1	94.76042654683597	3	2	1,0,0,2,28	31
dsx_W2	205	228	ATGGAAAGGTAAGGCTTTGAAGG	AAATGAATGGAAAGGTAAGGCTTTGAAGGTCACTG	OK	FWD	0.01049387486909563	0.3896103895064935	0.3890725084544356	NONE	NONE	IN_GENOME=1	98.12326356426236	3	1	1,0,0,1,16	18
dsx_W1	208	231	GGAATGAAGCAAATGGCCTTCGG	CAAAATGGAATGAAGCAAATGGCCTTCGGACATTC	OK	RVS	0.17014355586319596	0.20740740733703703	0.4012673847208343	NONE	NONE	IN_GENOME=1	94.64349793102794	2	1	1,0,1,0,19	21
dsx_W1	215	238	ACAAAATGGAATGAAGCAAATGG	ATCGCGACAAAATGGAATGAAGCAAATGGCCTTCG	OK	RVS	0.0518202088481296	0.6028708131375599	0.08839495306974433	NONE	NONE	IN_GENOME=1	83.84446332542377	3	8	1,0,0,8,64	73
dsx_W2	218	241	GCTTTGAAGGTCACTGCTGCTGG	GGTAAGGCTTTGAAGGTCACTGCTGCTGGCTGACG	OK	FWD	0.09132216891628336	0.23182744563671875	0.5532944442449201	NONE	NONE	IN_GENOME=1	98.13621720892117	4	20	1,0,0,0,20	21
dsx_W2	225	248	AGGTCACTGCTGCTGGCTGACGG	CTTTGAAGGTCACTGCTGCTGGCTGACGGAATTCA	OK	FWD	0.23727420930126816	0.5641025642820513	0.24690324873716665	NONE	NONE	IN_GENOME=1	92.22645793249859	3	3	1,0,0,3,20	24
dsx_W1	229	252	CACGAATCATCGCGACAAAATGG	CGCTAGCACGAATCATCGCGACAAAATGGAATGAA	OK	RVS	0.14861350644790042	0.5833333328916667	0.3011393096484195	NONE	NONE	IN_GENOME=1	96.07756983340197	3	1	1,0,0,1,12	14
dsx_W1	259	282	TTAACAGACACAACAGACAAGGG	GTCACTTTAACAGACACAACAGACAAGGGACGCTA	OK	RVS	0.8551530030501399	0.3649732616550802	0.29438253441616663	NONE	NONE	IN_GENOME=1	96.68952033451633	3	1	1,0,0,1,15	17
dsx_W1	260	283	TTTAACAGACACAACAGACAAGG	GGTCACTTTAACAGACACAACAGACAAGGGACGCT	OK	RVS	0.059611290414955866	0.24489795904568284	0.38538142860881197	NONE	NONE	IN_GENOME=1	95.87650224702526	3	1	1,0,0,1,16	18
dsx_W1	272	295	TGTCTGTTAAAGTGACCAAAAGG	CTGTTGTGTCTGTTAAAGTGACCAAAAGGGCTGTA	OK	FWD	0.21378817621273716	0.1530612243137755	0.6015257654033915	NONE	NONE	IN_GENOME=1	98.32955237296429	4	6	1,0,0,0,6	7
dsx_W1	273	296	GTCTGTTAAAGTGACCAAAAGGG	TGTTGTGTCTGTTAAAGTGACCAAAAGGGCTGTAA	OK	FWD	0.2879355866197728	0.2926696832199095	0.4176258538431302	NONE	NONE	IN_GENOME=1	97.06243408363574	4	14	1,0,0,0,14	15
dsx_W1	287	310	ATGCAAATTTACAGCCCTTTTGG	GTGGGGATGCAAATTTACAGCCCTTTTGGTCACTT	OK	RVS	0.021490745626774402	0.3772631575882105	0.20308403268344383	NONE	NONE	IN_GENOME=1	95.30875478195509	2	1	1,0,1,2,29	33
dsx_W2	292	315	AATTTTGAAGTCAGTGAACGTGG	GTATCGAATTTTGAAGTCAGTGAACGTGGCATAAC	OK	FWD	0.3333727195099702	0.1866666667018182	0.6020471103571147	NONE	PolyT	IN_GENOME=1	98.94812834624493	4	12	1,0,0,0,12	13
dsx_W1	310	333	GATTAGACAGTAGGCAAGTGGGG	TGGGTAGATTAGACAGTAGGCAAGTGGGGATGCAA	OK	RVS	0.17882719499056407	0.11607142864107142	0.7813950206181894	NONE	NONE	IN_GENOME=1	98.5285394859382	3	1	1,0,0,1,5	7
dsx_W1	311	334	AGATTAGACAGTAGGCAAGTGGG	ATGGGTAGATTAGACAGTAGGCAAGTGGGGATGCA	OK	RVS	0.0753134105486524	0.333333333	0.4145677492327417	NONE	NONE	IN_GENOME=1	98.2952845225212	4	7	1,0,0,0,7	8
dsx_W1	312	335	TAGATTAGACAGTAGGCAAGTGG	GATGGGTAGATTAGACAGTAGGCAAGTGGGGATGC	OK	RVS	0.09178791475286292	0.214285714125	0.5444716333215001	NONE	NONE	IN_GENOME=1	98.71771732940658	3	1	1,0,0,1,9	11
dsx_W1	319	342	GGATGGGTAGATTAGACAGTAGG	AGGGTAGGATGGGTAGATTAGACAGTAGGCAAGTG	OK	RVS	0.611744568018282	0.15098039235277777	0.804980796950351	NONE	NONE	IN_GENOME=1	99.76039115971241	4	3	1,0,0,0,3	4
dsx_W2	322	345	ATCTTGAAGGTAGCGGCATATGG	ATCTGCATCTTGAAGGTAGCGGCATATGGTGTTAT	OK	RVS	0.024966666340285232	0.14338235301838237	0.7906976743278122	NONE	NONE	IN_GENOME=1	98.81392124139688	4	2	1,0,0,0,2	3
dsx_W2	329	352	TATCTGCATCTTGAAGGTAGCGG	TAGGAGTATCTGCATCTTGAAGGTAGCGGCATATG	OK	RVS	0.31298634734551367	0.468750000234375	0.4311046040087823	NONE	NONE	IN_GENOME=1	98.66518257741993	3	3	1,0,0,3,11	15
dsx_W1	335	358	AGTATGCGTTAGGGTAGGATGGG	GTGGGCAGTATGCGTTAGGGTAGGATGGGTAGATT	OK	RVS	0.2823952225705324	0.3178963890035322	0.36967618686943315	NONE	NONE	IN_GENOME=1	95.19172508404988	3	1	1,0,0,1,16	18
dsx_W2	335	358	TAGGAGTATCTGCATCTTGAAGG	AGAAGTTAGGAGTATCTGCATCTTGAAGGTAGCGG	OK	RVS	0.18220959884667037	0.13045611853619377	0.6522535266019445	NONE	NONE	IN_GENOME=1	98.3482251305908	4	6	1,0,0,0,6	7
dsx_W1	336	359	CAGTATGCGTTAGGGTAGGATGG	TGTGGGCAGTATGCGTTAGGGTAGGATGGGTAGAT	OK	RVS	0.11878480160888118	0.43463887857701755	0.39819292189511285	NONE	NONE	IN_GENOME=1	98.8127673120272	4	6	1,0,0,0,6	7
dsx_W1	340	363	TGGGCAGTATGCGTTAGGGTAGG	TAAGTGTGGGCAGTATGCGTTAGGGTAGGATGGGT	OK	RVS	0.18047016242865074	0.14322250650732388	0.701964478528104	NONE	NONE	IN_GENOME=1	98.79316418576055	3	1	1,0,0,1,5	7
dsx_W1	344	367	AGTGTGGGCAGTATGCGTTAGGG	AAGGTAAGTGTGGGCAGTATGCGTTAGGGTAGGAT	OK	RVS	0.4381899512981588	0.38095238085714284	0.3604397901630998	NONE	NONE	IN_GENOME=1	96.8349252345161	3	1	1,0,0,1,10	12
dsx_W1	345	368	AAGTGTGGGCAGTATGCGTTAGG	AAAGGTAAGTGTGGGCAGTATGCGTTAGGGTAGGA	OK	RVS	0.024647463523004367	0.22966507174873546	0.49541160867187956	NONE	NONE	IN_GENOME=1	97.14043439530118	3	1	1,0,0,1,7	9
dsx_W2	354	377	TAGCTCAGACACGAGAAGTTAGG	GTTAGCTAGCTCAGACACGAGAAGTTAGGAGTATC	OK	RVS	0.15363342653732992	0.3463329612379738	0.41960915410064914	NONE	NONE	IN_GENOME=1	98.12864797963388	4	7	1,0,0,0,7	8
dsx_W1	359	382	CTGTACAAAAAGGTAAGTGTGGG	GTACCGCTGTACAAAAAGGTAAGTGTGGGCAGTAT	OK	RVS	0.2825623667659206	0.5571428573535715	0.38968240142763405	NONE	NONE	IN_GENOME=1	97.60991257280513	4	13	1,0,0,0,13	14
dsx_W1	360	383	GCTGTACAAAAAGGTAAGTGTGG	TGTACCGCTGTACAAAAAGGTAAGTGTGGGCAGTA	OK	RVS	0.12517097615509945	0.76704545446875	0.3067412832836785	NONE	NONE	IN_GENOME=1	94.3060336453059	3	1	1,0,0,1,14	16
dsx_W1	362	385	ACACTTACCTTTTTGTACAGCGG	CTGCCCACACTTACCTTTTTGTACAGCGGTACACT	OK	FWD	0.8228711060955505	0.25726654274236244	0.5269254284053002	NONE	PolyT	IN_GENOME=1	97.73832359284053	4	7	1,0,0,0,7	8
dsx_W1	369	392	CAGTGTACCGCTGTACAAAAAGG	ACAGTGCAGTGTACCGCTGTACAAAAAGGTAAGTG	OK	RVS	0.08703779687820427	0.4694444445888889	0.27137882023902243	NONE	NONE	IN_GENOME=1	95.36989606335452	3	1	1,0,0,1,16	18
dsx_W2	372	395	AGCTAGCTAACTTAACCTGTTGG	TGTCTGAGCTAGCTAACTTAACCTGTTGGATTGAA	OK	FWD	0.36747215087966095	0.48529411755	0.44926579342221057	NONE	NONE	IN_GENOME=1	98.2913430186522	4	8	1,0,0,0,8	9
dsx_W1	381	404	GCGGTACACTGCACTGTCCGCGG	TGTACAGCGGTACACTGCACTGTCCGCGGTACGCT	OK	FWD	0.6667034139737937	0.47230320665072884	0.38576016367192356	NONE	NONE	IN_GENOME=1	97.16522852737086	4	12	1,0,0,0,12	13
dsx_W2	387	410	GAAATGTCGTTCAATCCAACAGG	CTCATTGAAATGTCGTTCAATCCAACAGGTTAAGT	OK	RVS	0.48114647458093385	0.20584795304093564	0.5145159743015429	NONE	NONE	IN_GENOME=1	98.39032663317795	3	2	1,0,0,2,9	12
dsx_W1	398	421	CTGTTTGCTGCAGCGTACCGCGG	CACTCGCTGTTTGCTGCAGCGTACCGCGGACAGTG	OK	RVS	0.7620999885120315	0.4430769227076923	0.32599700827578	NONE	NONE	IN_GENOME=1	96.25792034749271	3	2	1,0,0,2,15	18
dsx_W1	405	428	ACGCTGCAGCAAACAGCGAGTGG	CGCGGTACGCTGCAGCAAACAGCGAGTGGACGCAG	OK	FWD	0.3860563465455131	0.34374999984375	0.3215686378025327	NONE	NONE	IN_GENOME=1	95.72633742897023	3	1	1,0,0,1,18	20
dsx_W1	416	439	AACAGCGAGTGGACGCAGTGTGG	GCAGCAAACAGCGAGTGGACGCAGTGTGGATCTAA	OK	FWD	0.09117810983791387	0.3346405229803921	0.41484199157127344	NONE	NONE	IN_GENOME=1	97.01056650050552	3	1	1,0,0,1,16	18
dsx_W1	425	448	TGGACGCAGTGTGGATCTAATGG	AGCGAGTGGACGCAGTGTGGATCTAATGGATGGTA	OK	FWD	0.08186328280518487	0.05333333340000001	0.9493670885475085	NONE	NONE	IN_GENOME=1	99.87433589115207	3	1	1,0,0,1,0	2
dsx_W1	429	452	CGCAGTGTGGATCTAATGGATGG	AGTGGACGCAGTGTGGATCTAATGGATGGTAGCAA	OK	FWD	0.4803085909847016	0.4799999999352381	0.3906316722820958	NONE	NONE	IN_GENOME=1	95.82405831576465	3	2	1,0,0,2,16	19
dsx_W2	435	458	AAGAATGTTTTGATCGTCTAGGG	ACTCCCAAGAATGTTTTGATCGTCTAGGGCTAGTT	OK	RVS	0.10214297786317297	0.42448979625578237	0.42194027637452436	NONE	PolyT	IN_GENOME=1	97.11415529638231	3	1	1,0,0,1,17	19
dsx_W2	436	459	CAAGAATGTTTTGATCGTCTAGG	AACTCCCAAGAATGTTTTGATCGTCTAGGGCTAGT	OK	RVS	0.016334293801033482	0.44196428587500003	0.3410347471440851	NONE	PolyT	IN_GENOME=1	96.77468335031524	3	1	1,0,0,1,15	17
dsx_W2	437	460	CTAGACGATCAAAACATTCTTGG	CTAGCCCTAGACGATCAAAACATTCTTGGGAGTTG	OK	FWD	0.031158816628192133	0.30144927526975845	0.5660832306712391	NONE	NONE	IN_GENOME=1	96.89818977589087	4	13	1,0,0,0,13	14
dsx_W2	438	461	TAGACGATCAAAACATTCTTGGG	TAGCCCTAGACGATCAAAACATTCTTGGGAGTTGA	OK	FWD	0.2622143953101272	0.22040816306326533	0.6078033043261308	NONE	NONE	IN_GENOME=1	98.70686873178936	4	6	1,0,0,0,6	7
dsx_W1	438	461	GATCTAATGGATGGTAGCAATGG	AGTGTGGATCTAATGGATGGTAGCAATGGAAGCCT	OK	FWD	0.33838320923822063	0.2650352940192628	0.5258640485149674	NONE	NONE	IN_GENOME=1	97.82422669802652	4	11	1,0,0,0,11	12
dsx_W1	449	472	TGGTAGCAATGGAAGCCTGCTGG	AATGGATGGTAGCAATGGAAGCCTGCTGGGCGGTG	OK	FWD	0.10235179957865873	0.27329192531925467	0.5006311731289091	NONE	NONE	IN_GENOME=1	97.410368195734	3	1	1,0,0,1,8	10
dsx_W1	450	473	GGTAGCAATGGAAGCCTGCTGGG	ATGGATGGTAGCAATGGAAGCCTGCTGGGCGGTGA	OK	FWD	0.07780192288785166	0.8307692307	0.4633628574663129	NONE	NONE	IN_GENOME=1	98.7415822896679	4	10	1,0,0,0,10	11
dsx_W1	453	476	AGCAATGGAAGCCTGCTGGGCGG	GATGGTAGCAATGGAAGCCTGCTGGGCGGTGAGCG	OK	FWD	0.5321330795195955	0.4285714283743589	0.3057114723261455	NONE	NONE	IN_GENOME=1	95.26543407933548	3	3	1,0,0,3,13	17
dsx_W1	464	487	AAATTCGCTCACCGCCCAGCAGG	GGTGGAAAATTCGCTCACCGCCCAGCAGGCTTCCA	OK	RVS	0.09016566196368338	0.5173469389280613	0.31065201770248957	NONE	NONE	IN_GENOME=1	95.9147834699553	3	1	1,0,0,1,16	18
dsx_W2	473	496	AATGTTAAACACTCATACGCAGG	GACGACAATGTTAAACACTCATACGCAGGTAACTT	OK	FWD	0.17982405288868436	0.26373626364542124	0.5203150204518031	NONE	NONE	IN_GENOME=1	99.27098436284079	3	1	1,0,0,1,9	11
dsx_W1	488	511	ATTTTTCTACGCGAGTGCGGTGG	GGGTGCATTTTTCTACGCGAGTGCGGTGGAAAATT	OK	RVS	0.6821029700999851	0.20317460296634918	0.7179592507507488	NONE	PolyT	IN_GENOME=1	99.63022380665004	4	3	1,0,0,0,3	4
dsx_W1	491	514	TGCATTTTTCTACGCGAGTGCGG	GAAGGGTGCATTTTTCTACGCGAGTGCGGTGGAAA	OK	RVS	0.06679929369200231	0.2852049909350649	0.5863740206436173	NONE	PolyT	IN_GENOME=1	98.33537054580589	3	1	1,0,0,1,7	9
dsx_W2	498	521	ACTTAAGATCATCTTATCCTAGG	CAGGTAACTTAAGATCATCTTATCCTAGGAAAAAT	OK	FWD	0.06087573161518672	0.24635568514804018	0.8023391812757059	NONE	NONE	IN_GENOME=1	99.69040382349561	4	4	1,0,0,0,4	5
dsx_W1	499	522	GCGTAGAAAAATGCACCCTTCGG	GCACTCGCGTAGAAAAATGCACCCTTCGGTGGCGT	OK	FWD	0.40336884984556287	0.20220588241911766	0.5454314447082496	NONE	NONE	IN_GENOME=1	97.76566637007082	4	9	1,0,0,0,9	10
dsx_W1	502	525	TAGAAAAATGCACCCTTCGGTGG	CTCGCGTAGAAAAATGCACCCTTCGGTGGCGTAAG	OK	FWD	0.12847345235250812	0.2933333330826667	0.28498062450381234	NONE	NONE	IN_GENOME=1	95.6562025458959	3	2	1,0,0,2,18	21
dsx_W1	512	535	CACCCTTCGGTGGCGTAAGCCGG	AAAATGCACCCTTCGGTGGCGTAAGCCGGTTGCTG	OK	FWD	0.19826867630077233	0.47110783958974356	0.5405765704306129	NONE	NONE	IN_GENOME=1	97.36626787409296	2	1	1,0,1,0,9	11
dsx_W1	514	537	AACCGGCTTACGCCACCGAAGGG	GGCAGCAACCGGCTTACGCCACCGAAGGGTGCATT	OK	RVS	0.6681065493051449	0.5176470584847059	0.24165440575070635	NONE	NONE	IN_GENOME=1	93.12302001498594	3	1	1,0,0,1,18	20
dsx_W2	515	538	AGATGAAGACAATTTTTCCTAGG	GGTTTCAGATGAAGACAATTTTTCCTAGGATAAGA	OK	RVS	0.2566137468524763	0.3714285719428571	0.39415286814520967	NONE	PolyT	IN_GENOME=1	97.55726167953478	4	16	1,0,0,0,16	17
dsx_W1	515	538	CAACCGGCTTACGCCACCGAAGG	GGGCAGCAACCGGCTTACGCCACCGAAGGGTGCAT	OK	RVS	0.036687572673510076	0.304761905015873	0.5364646705753662	NONE	NONE	IN_GENOME=1	97.94689443768411	4	11	1,0,0,0,11	12
dsx_W1	523	546	GGCGTAAGCCGGTTGCTGCCCGG	TTCGGTGGCGTAAGCCGGTTGCTGCCCGGCGAAGA	OK	FWD	0.2261125117521404	0.7963800907013575	0.3069831759843815	NONE	NONE	IN_GENOME=1	97.26363595615538	4	9	1,0,0,0,9	10
dsx_W1	531	554	CGTCTTCGCCGGGCAGCAACCGG	CGTCGTCGTCTTCGCCGGGCAGCAACCGGCTTACG	OK	RVS	0.21678374020859148	0.34374999979999993	0.4323756218088913	NONE	NONE	IN_GENOME=1	96.86517629834024	4	15	1,0,0,0,15	16
dsx_W1	541	564	CCCGGCGAAGACGACGACGTCGG	TTGCTGCCCGGCGAAGACGACGACGTCGGTTCCTT	OK	FWD	0.3284124313116419	0.47272727286181815	0.04551354165599621	NONE	NONE	IN_GENOME=1	72.80804902486267	3	13	1,0,0,13,91	105
dsx_W1	541	564	CCGACGTCGTCGTCTTCGCCGGG	AAGGAACCGACGTCGTCGTCTTCGCCGGGCAGCAA	OK	RVS	0.14938820054659532	0.4637681162318841	0.18489644213549464	NONE	NONE	IN_GENOME=1	85.8783861676577	3	18	1,0,0,18,82	101
dsx_W2	542	565	ATGATGCAGCTGTTAAGGAAAGG	TACCTCATGATGCAGCTGTTAAGGAAAGGTTTCAG	OK	RVS	0.19104982420858485	0.34374999984375	0.293973526717227	NONE	NONE	IN_GENOME=1	95.94224932487514	3	2	1,0,0,2,22	25
dsx_W1	542	565	ACCGACGTCGTCGTCTTCGCCGG	AAAGGAACCGACGTCGTCGTCTTCGCCGGGCAGCA	OK	RVS	0.08600687677856235	0.623376623038961	0.12009521316600762	NONE	NONE	IN_GENOME=1	82.45076482112266	2	2	1,0,2,10,85	98
dsx_W2	546	569	TCCTTAACAGCTGCATCATGAGG	AACCTTTCCTTAACAGCTGCATCATGAGGTAGAGT	OK	FWD	0.1728256703282923	0.21666666666333328	0.6443603290369418	NONE	NONE	IN_GENOME=1	98.4516133086872	3	2	1,0,0,2,5	8
dsx_W2	547	570	ACCTCATGATGCAGCTGTTAAGG	GACTCTACCTCATGATGCAGCTGTTAAGGAAAGGT	OK	RVS	0.03028156131916095	0.19199999988	0.46469693658674105	NONE	NONE	IN_GENOME=1	97.15396232404576	4	14	1,0,0,0,14	15
dsx_W1	550	573	GACGACGACGTCGGTTCCTTTGG	GGCGAAGACGACGACGTCGGTTCCTTTGGTTCGGC	OK	FWD	0.023742370024051575	0.38303571457232144	0.3075748149911976	NONE	NONE	IN_GENOME=1	96.45910849303795	3	3	1,0,0,3,32	36
dsx_W1	555	578	CGACGTCGGTTCCTTTGGTTCGG	AGACGACGACGTCGGTTCCTTTGGTTCGGCCAATC	OK	FWD	0.043303605771470084	0.28246913600098766	0.29648510613825474	NONE	NONE	IN_GENOME=1	96.81003768794974	3	2	1,0,0,2,13	16
dsx_W1	566	589	GCAGGGATTGGCCGAACCAAAGG	GCAGCAGCAGGGATTGGCCGAACCAAAGGAACCGA	OK	RVS	0.26316454133562334	0.16289592777828055	0.5425957900600774	NONE	NONE	IN_GENOME=1	98.69115086717296	3	1	1,0,0,1,11	13
dsx_W1	578	601	GCAGCAGCAGCAGCAGGGATTGG	GCAGCAGCAGCAGCAGCAGCAGGGATTGGCCGAAC	OK	RVS	0.20171158860053257	0.6769230765589744	0.013092679644633818	NONE	NONE	IN_GENOME=1	18.554866151117313	1	10	1,10,70,354,1135	1570
dsx_W2	598	621	TTGCTACACCCTGTAACCACTGG	ACGTTTTTGCTACACCCTGTAACCACTGGACCCGG	OK	FWD	0.12630024739533643	0.18863157904673683	0.693718524439385	NONE	NONE	IN_GENOME=1	98.4336777647521	3	2	1,0,0,2,5	8
dsx_W2	604	627	CACCCTGTAACCACTGGACCCGG	TTGCTACACCCTGTAACCACTGGACCCGGTGCTAG	OK	FWD	0.22226071915847917	0.09401709401709403	0.7182600717997796	NONE	NONE	IN_GENOME=1	98.79978050221602	3	1	1,0,0,1,9	11
dsx_W2	606	629	CACCGGGTCCAGTGGTTACAGGG	ACCTAGCACCGGGTCCAGTGGTTACAGGGTGTAGC	OK	RVS	0.24587648523068986	0.3900928794005418	0.5321523484286368	NONE	NONE	IN_GENOME=1	98.71697498643516	4	11	1,0,0,0,11	12
dsx_W2	607	630	GCACCGGGTCCAGTGGTTACAGG	TACCTAGCACCGGGTCCAGTGGTTACAGGGTGTAG	OK	RVS	0.09854795873622131	0.12347796286520324	0.6698067409979226	NONE	NONE	IN_GENOME=1	98.71694676500306	4	13	1,0,0,0,13	14
dsx_W2	611	634	TAACCACTGGACCCGGTGCTAGG	ACCCTGTAACCACTGGACCCGGTGCTAGGTACAGT	OK	FWD	0.07986802910810382	0.18571428564000003	0.8110311453696651	NONE	NONE	IN_GENOME=1	99.18407605974178	4	3	1,0,0,0,3	4
dsx_W2	614	637	GTACCTAGCACCGGGTCCAGTGG	TCTACTGTACCTAGCACCGGGTCCAGTGGTTACAG	OK	RVS	0.5902551635103287	0.44969384639930404	0.5818068478569903	NONE	NONE	IN_GENOME=1	99.26335607691752	4	4	1,0,0,0,4	5
dsx_W1	614	637	CGTCGAGCACTTCTATCGGAAGG	GCCCCACGTCGAGCACTTCTATCGGAAGGAGCAGC	OK	RVS	0.4703325079204763	0.06666666676666666	0.9295774647193414	NONE	NONE	IN_GENOME=1	99.92698677501899	4	3	1,0,0,0,3	4
dsx_W1	617	640	TCCGATAGAAGTGCTCGACGTGG	GCTCCTTCCGATAGAAGTGCTCGACGTGGGGCAGC	OK	FWD	0.2793950599530231	0.13377926435117057	0.7659218277593584	NONE	NONE	IN_GENOME=1	99.65273091295995	4	4	1,0,0,0,4	5
dsx_W1	618	641	CCCACGTCGAGCACTTCTATCGG	AGCTGCCCCACGTCGAGCACTTCTATCGGAAGGAG	OK	RVS	0.2875421390012067	0.07458259168522756	0.8850765693351631	NONE	NONE	IN_GENOME=1	99.81644720464985	4	2	1,0,0,0,2	3
dsx_W1	618	641	CCGATAGAAGTGCTCGACGTGGG	CTCCTTCCGATAGAAGTGCTCGACGTGGGGCAGCT	OK	FWD	0.11071676526841895	0.30303030288744587	0.5183958325068612	NONE	NONE	IN_GENOME=1	97.37386224521194	3	1	1,0,0,1,5	7
dsx_W1	619	642	CGATAGAAGTGCTCGACGTGGGG	TCCTTCCGATAGAAGTGCTCGACGTGGGGCAGCTG	OK	FWD	0.33514308590296404	0.10489510496228015	0.6866211521082813	NONE	NONE	IN_GENOME=1	97.93096177497807	4	8	1,0,0,0,8	9
dsx_W2	622	645	CATCTACTGTACCTAGCACCGGG	GTCAGACATCTACTGTACCTAGCACCGGGTCCAGT	OK	RVS	0.3555840242987485	0.17857142873626372	0.6774278686215062	NONE	NONE	IN_GENOME=1	99.01980442420934	3	1	1,0,0,1,5	7
dsx_W2	623	646	ACATCTACTGTACCTAGCACCGG	TGTCAGACATCTACTGTACCTAGCACCGGGTCCAG	OK	RVS	0.38809332025110727	0.15328798176802721	0.7890399161621237	NONE	NONE	IN_GENOME=1	98.9220419108876	3	1	1,0,0,1,4	6
dsx_W1	631	654	TCGACGTGGGGCAGCTGCAGCGG	AAGTGCTCGACGTGGGGCAGCTGCAGCGGCGGCTG	OK	FWD	0.04909489318961164	0.26997245144063353	0.3609012840578432	NONE	NONE	IN_GENOME=1	97.5424380504521	3	2	1,0,0,2,12	15
dsx_W2	632	655	GGTACAGTAGATGTCTGACACGG	GTGCTAGGTACAGTAGATGTCTGACACGGTGATGA	OK	FWD	0.7619981425441122	0.23957219208442068	0.710871201094198	NONE	NONE	IN_GENOME=1	99.55119512750528	4	5	1,0,0,0,5	6
dsx_W1	634	657	ACGTGGGGCAGCTGCAGCGGCGG	TGCTCGACGTGGGGCAGCTGCAGCGGCGGCTGATA	OK	FWD	0.31383134510860156	0.5553270255018511	0.14361486388734457	NONE	NONE	IN_GENOME=1	88.85000853565724	2	1	1,0,1,5,34	41
dsx_W1	659	682	GATACCCGAGAAAGTGCGTGTGG	GCGGCTGATACCCGAGAAAGTGCGTGTGGAACATG	OK	FWD	0.5054336240864576	0.49744897962244894	0.4014349161475962	NONE	NONE	IN_GENOME=1	92.75004807586662	3	2	1,0,0,2,9	12
dsx_W1	663	686	TGTTCCACACGCACTTTCTCGGG	TGCCCATGTTCCACACGCACTTTCTCGGGTATCAG	OK	RVS	0.2310693669624575	0.27238095231650794	0.5704438834990798	NONE	NONE	IN_GENOME=1	98.86317370247774	4	8	1,0,0,0,8	9
dsx_W1	664	687	ATGTTCCACACGCACTTTCTCGG	GTGCCCATGTTCCACACGCACTTTCTCGGGTATCA	OK	RVS	0.026616836602962435	0.4377551019709184	0.2714346908347192	NONE	NONE	IN_GENOME=1	97.75148633049416	3	2	1,0,0,2,20	23
dsx_W1	666	689	GAGAAAGTGCGTGTGGAACATGG	ATACCCGAGAAAGTGCGTGTGGAACATGGGCACTG	OK	FWD	0.09277796922728125	0.58235294143125	0.41361450809613326	NONE	NONE	IN_GENOME=1	97.66864940955159	4	15	1,0,0,0,15	16
dsx_W1	667	690	AGAAAGTGCGTGTGGAACATGGG	TACCCGAGAAAGTGCGTGTGGAACATGGGCACTGT	OK	FWD	0.33488492175870443	0.30761718736328125	0.5225587484826022	NONE	NONE	IN_GENOME=1	98.27154037878292	3	1	1,0,0,1,10	12
dsx_W1	678	701	GTGGAACATGGGCACTGTCGTGG	GTGCGTGTGGAACATGGGCACTGTCGTGGACTCGC	OK	FWD	0.0818030583460718	0.1983673470577959	0.5634686017645284	NONE	NONE	IN_GENOME=1	98.43605077659447	4	9	1,0,0,0,9	10
dsx_W2	679	702	CGAAGGTAAGCTGGCGATGATGG	GATCGACGAAGGTAAGCTGGCGATGATGGTGTCGT	OK	RVS	0.026843172629954767	0.1696969697939394	0.6341778620032363	NONE	NONE	IN_GENOME=1	98.62825855794767	4	10	1,0,0,0,10	11
dsx_W2	688	711	GCGGATCGACGAAGGTAAGCTGG	ACACCAGCGGATCGACGAAGGTAAGCTGGCGATGA	OK	RVS	0.18468041958441767	0.5133689843871658	0.35896231533911516	NONE	NONE	IN_GENOME=1	98.17602007125264	3	2	1,0,0,2,12	15
dsx_W2	691	714	GCTTACCTTCGTCGATCCGCTGG	TCGCCAGCTTACCTTCGTCGATCCGCTGGTGTGCT	OK	FWD	0.20997138944498864	0.1739130435	0.5143121776843876	NONE	NONE	IN_GENOME=1	97.59521980836192	3	1	1,0,0,1,9	11
dsx_W1	693	716	TGTCGTGGACTCGCTGCTGACGG	GGGCACTGTCGTGGACTCGCTGCTGACGGACGGAT	OK	FWD	0.2795631153336118	0.3529411759463478	0.3431790634557721	NONE	NONE	IN_GENOME=1	95.75024310520436	3	1	1,0,0,1,9	11
dsx_W2	696	719	GCACACCAGCGGATCGACGAAGG	CAAAAAGCACACCAGCGGATCGACGAAGGTAAGCT	OK	RVS	0.3213104292386077	0.31999999975682536	0.30658627012334616	NONE	NONE	IN_GENOME=1	96.18783196502477	3	2	1,0,0,2,21	24
dsx_W1	697	720	GTGGACTCGCTGCTGACGGACGG	ACTGTCGTGGACTCGCTGCTGACGGACGGATACAG	OK	FWD	0.3458955353648182	0.31699507393152715	0.40475960717701903	NONE	NONE	IN_GENOME=1	96.46371320436265	4	15	1,0,0,0,15	16
dsx_W2	707	730	ATGTACAAAAAGCACACCAGCGG	ATGGCGATGTACAAAAAGCACACCAGCGGATCGAC	OK	RVS	0.4304455400633498	0.2605698530859375	0.37219401772596217	NONE	NONE	IN_GENOME=1	94.45510961586419	3	3	1,0,0,3,23	27
dsx_W1	708	731	GCTGACGGACGGATACAGACTGG	CTCGCTGCTGACGGACGGATACAGACTGGACGGCA	OK	FWD	0.508629120627947	0.18981710345295766	0.409514321708434	NONE	NONE	IN_GENOME=1	98.3187562044759	4	16	1,0,0,0,16	17
dsx_W1	712	735	ACGGACGGATACAGACTGGACGG	CTGCTGACGGACGGATACAGACTGGACGGCAGGAG	OK	FWD	0.531868473363383	0.28444444408888886	0.43579620829746246	NONE	NONE	IN_GENOME=1	97.20724059997013	3	1	1,0,0,1,13	15
dsx_W1	716	739	ACGGATACAGACTGGACGGCAGG	TGACGGACGGATACAGACTGGACGGCAGGAGCTGG	OK	FWD	0.1224912895486173	0.18507167601057836	0.6781547244129681	NONE	NONE	IN_GENOME=1	99.29949494941	4	6	1,0,0,0,6	7
dsx_W2	716	739	TGCTTTTTGTACATCGCCATCGG	CTGGTGTGCTTTTTGTACATCGCCATCGGCGCTCT	OK	FWD	0.1109849918320052	0.3461538459340659	0.35952406219930566	NONE	PolyT	IN_GENOME=1	97.04323710362185	3	1	1,0,0,1,20	22
dsx_W1	722	745	ACAGACTGGACGGCAGGAGCTGG	ACGGATACAGACTGGACGGCAGGAGCTGGGCCGGG	OK	FWD	0.005102585991333342	0.22499999991562497	0.4380702820152705	NONE	NONE	IN_GENOME=1	96.37686594970995	4	18	1,0,0,0,18	19
dsx_W1	723	746	CAGACTGGACGGCAGGAGCTGGG	CGGATACAGACTGGACGGCAGGAGCTGGGCCGGGA	OK	FWD	0.10107386494570288	0.3939393939431818	0.40920632413212327	NONE	NONE	IN_GENOME=1	97.27241150149428	3	1	1,0,0,1,10	12
dsx_W1	727	750	CTGGACGGCAGGAGCTGGGCCGG	TACAGACTGGACGGCAGGAGCTGGGCCGGGAAGGG	OK	FWD	0.014444584224292059	0.5514705880698529	0.2741560346265777	NONE	NONE	IN_GENOME=1	97.28489443062152	3	1	1,0,0,1,14	16
dsx_W1	728	751	TGGACGGCAGGAGCTGGGCCGGG	ACAGACTGGACGGCAGGAGCTGGGCCGGGAAGGGC	OK	FWD	0.052810254804218915	0.416666666875	0.3489691979690888	NONE	NONE	IN_GENOME=1	94.46162214464333	2	1	1,0,1,1,17	20
dsx_W1	732	755	CGGCAGGAGCTGGGCCGGGAAGG	ACTGGACGGCAGGAGCTGGGCCGGGAAGGGCGTCG	OK	FWD	0.009018731788507393	0.4923076925128205	0.15842759851209254	GC_0.8	NONE	IN_GENOME=1	90.48415922624505	3	1	1,0,0,1,47	49
dsx_W2	732	755	GTCATACTGAAGAGCGCCGATGG	ATGTACGTCATACTGAAGAGCGCCGATGGCGATGT	OK	RVS	0.09157004322835183	0.25255102036326527	0.5885607151077326	NONE	NONE	IN_GENOME=1	98.14552656334735	3	1	1,0,0,1,6	8
dsx_W1	733	756	GGCAGGAGCTGGGCCGGGAAGGG	CTGGACGGCAGGAGCTGGGCCGGGAAGGGCGTCGA	OK	FWD	0.06721989881532528	0.5815384610723077	0.2080626005308455	NONE	NONE	IN_GENOME=1	96.21010138121179	4	29	1,0,0,0,29	30
dsx_W2	742	765	TCTTCAGTATGACGTACATCAGG	CGGCGCTCTTCAGTATGACGTACATCAGGGGCATC	OK	FWD	0.10880742277908784	0.2291666665625	0.33996951952922577	NONE	NONE	IN_GENOME=1	94.61032871783853	4	19	1,0,0,0,19	20
dsx_W2	743	766	CTTCAGTATGACGTACATCAGGG	GGCGCTCTTCAGTATGACGTACATCAGGGGCATCA	OK	FWD	0.17369466317410767	0.23458646635601504	0.57277918693415	NONE	NONE	IN_GENOME=1	97.88824307680639	3	1	1,0,0,1,10	12
dsx_W2	744	767	TTCAGTATGACGTACATCAGGGG	GCGCTCTTCAGTATGACGTACATCAGGGGCATCAT	OK	FWD	0.283931208628226	0.03703325859834728	0.9481223216389362	NONE	NONE	IN_GENOME=1	99.20373991437607	4	6	1,0,0,0,6	7
dsx_W1	746	769	GCTCTACTCGACGCCCTTCCCGG	CCGGACGCTCTACTCGACGCCCTTCCCGGCCCAGC	OK	RVS	0.1332992937547823	0.28872180440902256	0.45893871215642906	NONE	NONE	IN_GENOME=1	97.35591368066756	3	1	1,0,0,1,9	11
dsx_W1	752	775	AGGGCGTCGAGTAGAGCGTCCGG	CCGGGAAGGGCGTCGAGTAGAGCGTCCGGTTGACC	OK	FWD	0.087331776690317	0.2333333335	0.7443535943097292	NONE	NONE	IN_GENOME=1	99.16390574131142	3	1	1,0,0,1,2	4
dsx_W2	759	782	ATCAGGGGCATCATCTCCCACGG	ACGTACATCAGGGGCATCATCTCCCACGGGTAGCC	OK	FWD	0.20202628461512512	0.0	0.9857664175311676	NONE	NONE	IN_GENOME=1	99.78740442993008	4	2	1,0,0,0,2	3
dsx_W2	760	783	TCAGGGGCATCATCTCCCACGGG	CGTACATCAGGGGCATCATCTCCCACGGGTAGCCG	OK	FWD	0.7946062711609267	0.13489409159977706	0.6575388426383146	NONE	NONE	IN_GENOME=1	98.19135428720408	4	7	1,0,0,0,7	8
dsx_W1	771	794	CCGGGCTGGAGGCGGTCAACCGG	TGCTGCCCGGGCTGGAGGCGGTCAACCGGACGCTC	OK	RVS	0.025400591904469697	0.5592391302749999	0.27764771865117005	NONE	NONE	IN_GENOME=1	93.32018472031042	2	1	1,0,1,2,24	28
dsx_W1	771	794	CCGGTTGACCGCCTCCAGCCCGG	GAGCGTCCGGTTGACCGCCTCCAGCCCGGGCAGCA	OK	FWD	0.030308433944722917	0.4028458496911462	0.32463653161159783	NONE	NONE	IN_GENOME=1	93.64352090954824	2	1	1,0,1,2,24	28
dsx_W1	772	795	CGGTTGACCGCCTCCAGCCCGGG	AGCGTCCGGTTGACCGCCTCCAGCCCGGGCAGCAG	OK	FWD	0.03205215347658874	0.12217194565723982	0.7024290156405908	NONE	NONE	IN_GENOME=1	98.73727628060114	4	7	1,0,0,0,7	8
dsx_W2	775	798	GGAGAAACTCGGCTACCCGTGGG	GCTGTTGGAGAAACTCGGCTACCCGTGGGAGATGA	OK	RVS	0.5590096443659766	0.37142857183877553	0.5709415578869786	NONE	NONE	IN_GENOME=1	97.16234926067273	3	1	1,0,0,1,6	8
dsx_W2	776	799	TGGAGAAACTCGGCTACCCGTGG	GGCTGTTGGAGAAACTCGGCTACCCGTGGGAGATG	OK	RVS	0.3355765510743831	0.11748251759720281	0.5191046451287028	NONE	NONE	IN_GENOME=1	98.83413336117	3	1	1,0,0,1,11	13
dsx_W1	779	802	GCTGCTGCCCGGGCTGGAGGCGG	GCCGCTGCTGCTGCCCGGGCTGGAGGCGGTCAACC	OK	RVS	0.41922949988833574	0.8749999996875	0.04943303274612496	GC_0.8	NONE	IN_GENOME=1	71.35311314419913	2	3	1,0,3,19,121	144
dsx_W1	782	805	GCTGCTGCTGCCCGGGCTGGAGG	CCTGCCGCTGCTGCTGCCCGGGCTGGAGGCGGTCA	OK	RVS	0.04264687322758944	0.7819004527656108	0.04619959892413316	GC_0.8	NONE	IN_GENOME=1	73.90408519030228	2	6	1,0,6,43,387	437
dsx_W1	784	807	TCCAGCCCGGGCAGCAGCAGCGG	ACCGCCTCCAGCCCGGGCAGCAGCAGCGGCAGGGC	OK	FWD	0.279852991239078	0.75	0.056488114588425495	NONE	NONE	IN_GENOME=1	68.08643944781385	2	2	1,0,2,10,73	86
dsx_W1	785	808	GCCGCTGCTGCTGCCCGGGCTGG	TGCCCTGCCGCTGCTGCTGCCCGGGCTGGAGGCGG	OK	RVS	0.012221173894028717	0.7957894733557895	0.038602744779692895	GC_0.85	NONE	IN_GENOME=1	63.94979584899399	2	9	1,0,9,41,269	320
dsx_W2	786	809	CAATGGCTGTTGGAGAAACTCGG	CGAGCCCAATGGCTGTTGGAGAAACTCGGCTACCC	OK	RVS	0.21838749925497628	0.13445378142928444	0.6371854368383922	NONE	NONE	IN_GENOME=1	98.3248737307361	4	11	1,0,0,0,11	12
dsx_W2	787	810	CGAGTTTCTCCAACAGCCATTGG	GGTAGCCGAGTTTCTCCAACAGCCATTGGGCTCGC	OK	FWD	0.17877527894782289	0.2517482518881119	0.5335046418881916	NONE	NONE	IN_GENOME=1	96.35499218121892	3	3	1,0,0,3,6	10
dsx_W2	788	811	GAGTTTCTCCAACAGCCATTGGG	GTAGCCGAGTTTCTCCAACAGCCATTGGGCTCGCT	OK	FWD	0.5992849600116927	0.19032679766181818	0.7068002077423268	NONE	NONE	IN_GENOME=1	98.92890336153268	3	1	1,0,0,1,8	10
dsx_W1	788	811	GCCCGGGCAGCAGCAGCGGCAGG	CCTCCAGCCCGGGCAGCAGCAGCGGCAGGGCAAAG	OK	FWD	0.04581588239630797	0.727272727	0.016815524849050325	GC_0.85	NONE	IN_GENOME=1	59.82807496562762	2	2	1,0,2,20,208	231
dsx_W1	789	812	CCCTGCCGCTGCTGCTGCCCGGG	ACTTTGCCCTGCCGCTGCTGCTGCCCGGGCTGGAG	OK	RVS	0.021388083222321396	0.629370629027972	0.0195930040868887	GC_0.8	NONE	IN_GENOME=1	50.3855083002334	2	2	1,0,2,44,263	310
dsx_W1	789	812	CCCGGGCAGCAGCAGCGGCAGGG	CTCCAGCCCGGGCAGCAGCAGCGGCAGGGCAAAGT	OK	FWD	0.15389929125338234	0.8088888889111111	0.02203836114651234	GC_0.8	NONE	IN_GENOME=1	58.15254931786056	2	1	1,0,1,21,135	158
dsx_W1	790	813	GCCCTGCCGCTGCTGCTGCCCGG	AACTTTGCCCTGCCGCTGCTGCTGCCCGGGCTGGA	OK	RVS	0.14941025334490013	0.6825000002624999	0.022210555419438727	GC_0.8	NONE	IN_GENOME=1	38.99431163148777	2	5	1,0,5,30,221	257
dsx_W2	796	819	GAAGCGAGCCCAATGGCTGTTGG	GCTAGTGAAGCGAGCCCAATGGCTGTTGGAGAAAC	OK	RVS	0.08372000899379106	0.31111111148888887	0.5674475708783165	NONE	NONE	IN_GENOME=1	97.39355695190609	3	2	1,0,0,2,7	10
dsx_W1	801	824	CAGCGGCAGGGCAAAGTTGTTGG	CAGCAGCAGCGGCAGGGCAAAGTTGTTGGGCTCGA	OK	FWD	0.0188967474816638	0.22010582007492058	0.4294723966513391	NONE	NONE	IN_GENOME=1	97.24586687130203	3	1	1,0,0,1,12	14
dsx_W1	802	825	AGCGGCAGGGCAAAGTTGTTGGG	AGCAGCAGCGGCAGGGCAAAGTTGTTGGGCTCGAT	OK	FWD	0.020468976765704718	0.19663865556932775	0.5328129484782254	NONE	NONE	IN_GENOME=1	98.22464503069432	4	10	1,0,0,0,10	11
dsx_W2	803	826	AGCTAGTGAAGCGAGCCCAATGG	ACGACGAGCTAGTGAAGCGAGCCCAATGGCTGTTG	OK	RVS	0.5784444022444833	0.13750000006875	0.6883887890321757	NONE	NONE	IN_GENOME=1	98.33454383688446	3	1	1,0,0,1,4	6
dsx_W2	818	841	CACTAGCTCGTCGTCTGAAATGG	TCGCTTCACTAGCTCGTCGTCTGAAATGGGGCGAA	OK	FWD	0.06752184020342847	0.1882352942780749	0.7077875439107151	NONE	NONE	IN_GENOME=1	99.25867266728532	4	5	1,0,0,0,5	6
dsx_W2	819	842	ACTAGCTCGTCGTCTGAAATGGG	CGCTTCACTAGCTCGTCGTCTGAAATGGGGCGAAA	OK	FWD	0.22261639850377077	0.15294117624166667	0.7832170886259461	NONE	NONE	IN_GENOME=1	99.20478661655659	4	6	1,0,0,0,6	7
dsx_W2	820	843	CTAGCTCGTCGTCTGAAATGGGG	GCTTCACTAGCTCGTCGTCTGAAATGGGGCGAAAA	OK	FWD	0.6093437530719514	0.3965179388164633	0.5608457859292276	NONE	NONE	IN_GENOME=1	97.84234978405357	4	5	1,0,0,0,5	6
dsx_W2	829	852	CGTCTGAAATGGGGCGAAAAAGG	GCTCGTCGTCTGAAATGGGGCGAAAAAGGCAGAGA	OK	FWD	0.10003576370351924	0.608144796162896	0.21999586619096576	NONE	NONE	IN_GENOME=1	91.75703063307847	3	3	1,0,0,3,19	23
dsx_W1	829	852	ATCCCGCTGTACTTGTACATCGG	GGCTCGATCCCGCTGTACTTGTACATCGGAAACGT	OK	FWD	0.6310692556105139	0.20779220755844155	0.6958805335528424	NONE	NONE	IN_GENOME=1	98.88948505050222	4	7	1,0,0,0,7	8
dsx_W1	831	854	TTCCGATGTACAAGTACAGCGGG	TGACGTTTCCGATGTACAAGTACAGCGGGATCGAG	OK	RVS	0.17591943842626792	0.20000000006285718	0.6587459901645426	NONE	NONE	IN_GENOME=1	98.62744384709333	4	9	1,0,0,0,9	10
dsx_W1	832	855	TTTCCGATGTACAAGTACAGCGG	CTGACGTTTCCGATGTACAAGTACAGCGGGATCGA	OK	RVS	0.7623883450622038	0.4705882357352941	0.3793034728584872	NONE	NONE	IN_GENOME=1	98.62384144845836	4	12	1,0,0,0,12	13
dsx_W1	847	870	ATCGGAAACGTCAGCCCGTTCGG	TTGTACATCGGAAACGTCAGCCCGTTCGGTTTCTT	OK	FWD	0.14190181559554024	0.183750000091875	0.5857094000374458	NONE	NONE	IN_GENOME=1	98.81607035362195	3	1	1,0,0,1,11	13
dsx_W1	860	883	GCCCGTTCGGTTTCTTCAGCAGG	ACGTCAGCCCGTTCGGTTTCTTCAGCAGGTCGAGC	OK	FWD	0.22269838181666618	0.4166666668333333	0.1829383596518789	NONE	NONE	IN_GENOME=1	93.68845732519058	3	2	1,0,0,2,34	37
dsx_W1	861	884	ACCTGCTGAAGAAACCGAACGGG	GGCTCGACCTGCTGAAGAAACCGAACGGGCTGACG	OK	RVS	0.27743733017356964	0.695652174	0.2652341907509007	NONE	NONE	IN_GENOME=1	90.68947848950528	2	2	1,0,2,0,26	29
dsx_W2	862	885	ATTAAATACATTTGTTTTCCTGG	GAAAGCATTAAATACATTTGTTTTCCTGGCGGGGG	OK	FWD	0.001863825478414012	0.2727272724623377	0.24254570317538388	GC_0.2	PolyT	IN_GENOME=1	95.36621573341769	3	1	1,0,0,1,35	37
dsx_W1	862	885	GACCTGCTGAAGAAACCGAACGG	CGGCTCGACCTGCTGAAGAAACCGAACGGGCTGAC	OK	RVS	0.7772408777630861	0.492631578855	0.38637472583821575	NONE	NONE	IN_GENOME=1	96.14811311250762	3	2	1,0,0,2,13	16
dsx_W2	865	888	AAATACATTTGTTTTCCTGGCGG	AGCATTAAATACATTTGTTTTCCTGGCGGGGGACA	OK	FWD	0.18861721932504286	0.52000000024	0.2589232494502871	NONE	PolyT	IN_GENOME=1	95.63903913217439	4	28	1,0,0,0,28	29
dsx_W2	866	889	AATACATTTGTTTTCCTGGCGGG	GCATTAAATACATTTGTTTTCCTGGCGGGGGACAA	OK	FWD	0.04695919048127774	0.4343891399425986	0.2835112885654577	NONE	PolyT	IN_GENOME=1	94.96151882261286	3	2	1,0,0,2,20	23
dsx_W2	867	890	ATACATTTGTTTTCCTGGCGGGG	CATTAAATACATTTGTTTTCCTGGCGGGGGACAAT	OK	FWD	0.29148270140150506	0.4326923072493132	0.25265166548153567	NONE	PolyT	IN_GENOME=1	96.20772842159981	3	2	1,0,0,2,16	19
dsx_W2	868	891	TACATTTGTTTTCCTGGCGGGGG	ATTAAATACATTTGTTTTCCTGGCGGGGGACAATA	OK	FWD	0.24480053875590876	0.5387755103102041	0.2773457497487397	NONE	PolyT	IN_GENOME=1	96.8356013897202	3	1	1,0,0,1,25	27
dsx_W1	876	899	CAGCAGGTCGAGCCGTTCGAAGG	TTTCTTCAGCAGGTCGAGCCGTTCGAAGGTGCTCT	OK	FWD	0.4883622792469497	0.40336134428051956	0.2293503800575908	NONE	NONE	IN_GENOME=1	96.82104412220357	3	2	1,0,0,2,24	27
dsx_W2	880	903	TTTTTTTATTGTCCCCCGCCAGG	AGAAGTTTTTTTTATTGTCCCCCGCCAGGAAAACA	OK	RVS	0.2378840063768514	0.3666666665	0.2885913317755255	NONE	PolyT	IN_GENOME=1	94.08636441795257	2	1	1,0,1,2,25	29
dsx_W1	886	909	AGCCGTTCGAAGGTGCTCTTCGG	AGGTCGAGCCGTTCGAAGGTGCTCTTCGGCAGCGA	OK	FWD	0.35917231528181653	0.21301775116789126	0.5373485915842353	NONE	NONE	IN_GENOME=1	97.11916078659085	3	1	1,0,0,1,7	9
dsx_W1	888	911	TGCCGAAGAGCACCTTCGAACGG	ACTCGCTGCCGAAGAGCACCTTCGAACGGCTCGAC	OK	RVS	0.4540854716845178	0.28708133994617224	0.4770736024711892	NONE	NONE	IN_GENOME=1	98.28471706127414	4	13	1,0,0,0,13	14
dsx_W2	894	917	ATAAAAAAAACTTCTGCATCTGG	GGGACAATAAAAAAAACTTCTGCATCTGGTTTTCC	OK	FWD	0.04868263094087857	0.46863905296094677	0.239018603034343	NONE	NONE	IN_GENOME=1	95.67409206889218	3	1	1,0,0,1,32	34
dsx_W1	898	921	GTGCTCTTCGGCAGCGAGTACGG	TCGAAGGTGCTCTTCGGCAGCGAGTACGGAATGCG	OK	FWD	0.16295492680923435	0.2880000001851429	0.4096168799057319	NONE	NONE	IN_GENOME=1	97.70776713293347	4	11	1,0,0,0,11	12
dsx_W1	907	930	GGCAGCGAGTACGGAATGCGCGG	CTCTTCGGCAGCGAGTACGGAATGCGCGGCTCCTT	OK	FWD	0.4984891365985056	0.23771428552685708	0.673243142867336	NONE	NONE	IN_GENOME=1	99.08070566799371	4	7	1,0,0,0,7	8
dsx_W2	913	936	CTGGTTTTCCAGTTCGAGAACGG	CTGCATCTGGTTTTCCAGTTCGAGAACGGGCTCTC	OK	FWD	0.16357788912285623	0.18981710346553105	0.5765025796625842	NONE	PolyT	IN_GENOME=1	96.91922513736226	4	11	1,0,0,0,11	12
dsx_W2	914	937	TGGTTTTCCAGTTCGAGAACGGG	TGCATCTGGTTTTCCAGTTCGAGAACGGGCTCTCG	OK	FWD	0.11270004527898002	0.35187969930526314	0.349106233315601	NONE	PolyT	IN_GENOME=1	96.27732597000758	3	1	1,0,0,1,10	12
dsx_W2	921	944	CCAGTTCGAGAACGGGCTCTCGG	GGTTTTCCAGTTCGAGAACGGGCTCTCGGGCTTTA	OK	FWD	0.03994229210487602	0.13831845249412203	0.8634300635152725	NONE	NONE	IN_GENOME=1	99.52330415467871	4	3	1,0,0,0,3	4
dsx_W2	921	944	CCGAGAGCCCGTTCTCGAACTGG	TAAAGCCCGAGAGCCCGTTCTCGAACTGGAAAACC	OK	RVS	0.07215100113081631	0.24424342112787828	0.4626736168735923	NONE	NONE	IN_GENOME=1	98.71018475494415	3	1	1,0,0,1,10	12
dsx_W2	922	945	CAGTTCGAGAACGGGCTCTCGGG	GTTTTCCAGTTCGAGAACGGGCTCTCGGGCTTTAG	OK	FWD	0.02835044314410099	0.6901960784196078	0.5670476963535018	NONE	NONE	IN_GENOME=1	99.7250892875406	4	5	1,0,0,0,5	6
dsx_W1	932	955	GACGGGCTACGAGAAGGAGAAGG	GGAGCCGACGGGCTACGAGAAGGAGAAGGAGCCGC	OK	RVS	0.27391709796521574	0.45066666723866655	0.1813959874514365	NONE	NONE	IN_GENOME=1	89.67237752610137	3	5	1,0,0,5,28	34
dsx_W1	934	957	TTCTCCTTCTCGTAGCCCGTCGG	GGCTCCTTCTCCTTCTCGTAGCCCGTCGGCTCCTC	OK	FWD	0.7724994835975091	0.37552521038025205	0.35114555663966496	NONE	NONE	IN_GENOME=1	97.67053383749304	4	13	1,0,0,0,13	14
dsx_W2	936	959	GCTCTCGGGCTTTAGAAAATAGG	GAACGGGCTCTCGGGCTTTAGAAAATAGGTTCTTT	OK	FWD	0.2524830260011161	0.20968934883949703	0.6184110512505864	NONE	NONE	IN_GENOME=1	98.97678178284802	3	1	1,0,0,1,5	7
dsx_W1	938	961	GGAGCCGACGGGCTACGAGAAGG	GGGCGAGGAGCCGACGGGCTACGAGAAGGAGAAGG	OK	RVS	0.22193605301028424	0.37647058784985993	0.45867998423125095	NONE	NONE	IN_GENOME=1	96.51387697935773	3	1	1,0,0,1,9	11
dsx_W1	946	969	TAGCCCGTCGGCTCCTCGCCCGG	TTCTCGTAGCCCGTCGGCTCCTCGCCCGGCGCCTC	OK	FWD	0.2845686391115713	0.18666666647515154	0.5616450412682538	NONE	NONE	IN_GENOME=1	98.52636057161035	4	11	1,0,0,0,11	12
dsx_W1	949	972	GCGCCGGGCGAGGAGCCGACGGG	AGCGAGGCGCCGGGCGAGGAGCCGACGGGCTACGA	OK	RVS	0.4894912277820295	0.467665327076361	0.43744916766553454	GC_0.85	NONE	IN_GENOME=1	97.3799087695093	3	1	1,0,0,1,12	14
dsx_W1	950	973	GGCGCCGGGCGAGGAGCCGACGG	CAGCGAGGCGCCGGGCGAGGAGCCGACGGGCTACG	OK	RVS	0.02739322137029462	0.4852941173348416	0.1842076026503875	GC_0.85	NONE	IN_GENOME=1	89.91956363357895	2	1	1,0,1,3,46	51
dsx_W1	959	982	GGACAGCGAGGCGCCGGGCGAGG	GCTCAAGGACAGCGAGGCGCCGGGCGAGGAGCCGA	OK	RVS	0.16331913682376284	0.585	0.25085991927893714	GC_0.85	NONE	IN_GENOME=1	92.61447071300307	2	1	1,0,1,2,18	22
dsx_W1	964	987	CTCAAGGACAGCGAGGCGCCGGG	TTCGCGCTCAAGGACAGCGAGGCGCCGGGCGAGGA	OK	RVS	0.02911481364503652	0.6205128201179487	0.3961748705294821	NONE	NONE	IN_GENOME=1	97.71356644213797	3	3	1,0,0,3,2	6
dsx_W1	965	988	GCTCAAGGACAGCGAGGCGCCGG	CTTCGCGCTCAAGGACAGCGAGGCGCCGGGCGAGG	OK	RVS	0.34620345801328295	0.2559999998445714	0.5033029831233622	NONE	NONE	IN_GENOME=1	96.52822021940783	3	1	1,0,0,1,13	15
dsx_W2	971	994	GGAAGTGGGATTGTGGAACGTGG	TAGGTGGGAAGTGGGATTGTGGAACGTGGCATTGA	OK	RVS	0.06946793941211843	0.3208556149679144	0.48181453129558455	NONE	NONE	IN_GENOME=1	98.34503459006586	3	1	1,0,0,1,9	11
dsx_W1	971	994	CTTCGCGCTCAAGGACAGCGAGG	AAAGTGCTTCGCGCTCAAGGACAGCGAGGCGCCGG	OK	RVS	0.42674861244957235	0.27733333344000005	0.45665176926911355	NONE	NONE	IN_GENOME=1	97.66288222068452	4	11	1,0,0,0,11	12
dsx_W2	978	1001	GTAGGTGGGAAGTGGGATTGTGG	NONE	OK	RVS	NA	0.28363636402909087	0.31499937507010534	NONE	NONE	IN_GENOME=1	96.34255203853266	4	31	1,0,0,0,31	32
dsx_W1	980	1003	TAAAAAGTGCTTCGCGCTCAAGG	GCGGAGTAAAAAGTGCTTCGCGCTCAAGGACAGCG	OK	RVS	0.004741456401520909	0.2755102039255102	0.5945103900791037	NONE	NONE	IN_GENOME=1	99.33141911933048	3	1	1,0,0,1,13	15
dsx_W1	1001	1024	TACTCCGCCGCACCGACTCCAGG	ACTTTTTACTCCGCCGCACCGACTCCAGGTACGCT	OK	FWD	0.02291431235617606	0.3208333330984375	0.5645159949842968	NONE	NONE	IN_GENOME=1	98.07695214553256	4	8	1,0,0,0,8	9
dsx_W1	1005	1028	CGTACCTGGAGTCGGTGCGGCGG	ACGAAGCGTACCTGGAGTCGGTGCGGCGGAGTAAA	OK	RVS	0.09935455387603337	0.1384615384428571	0.5470016212293974	NONE	NONE	IN_GENOME=1	98.69138195381076	4	16	1,0,0,0,16	17
dsx_W1	1008	1031	AAGCGTACCTGGAGTCGGTGCGG	CCTACGAAGCGTACCTGGAGTCGGTGCGGCGGAGT	OK	RVS	0.2924284052614598	0.21172932299548877	0.5508454309752058	NONE	NONE	IN_GENOME=1	98.56986630551883	3	1	1,0,0,1,8	10
dsx_W1	1013	1036	CTACGAAGCGTACCTGGAGTCGG	CCAGCCCTACGAAGCGTACCTGGAGTCGGTGCGGC	OK	RVS	0.5615307916647714	0.2588235293156863	0.5475195426210528	NONE	NONE	IN_GENOME=1	98.87855701264762	4	11	1,0,0,0,11	12
dsx_W1	1014	1037	CGACTCCAGGTACGCTTCGTAGG	CCGCACCGACTCCAGGTACGCTTCGTAGGGCTGGG	OK	FWD	0.027379736929095042	0.16620879131456043	0.6975629932290888	NONE	NONE	IN_GENOME=1	97.69254397594493	3	2	1,0,0,2,2	5
dsx_W1	1015	1038	GACTCCAGGTACGCTTCGTAGGG	CGCACCGACTCCAGGTACGCTTCGTAGGGCTGGGC	OK	FWD	0.1686826435871701	0.27272727252597406	0.5827029815968303	NONE	NONE	IN_GENOME=1	97.49485584604138	4	7	1,0,0,0,7	8
dsx_W1	1019	1042	CCAGGTACGCTTCGTAGGGCTGG	CCGACTCCAGGTACGCTTCGTAGGGCTGGGCCGGG	OK	FWD	0.03328665905959675	0.45933014357256774	0.6140516799271221	NONE	NONE	IN_GENOME=1	99.07827646110138	3	1	1,0,0,1,6	8
dsx_W1	1019	1042	CCAGCCCTACGAAGCGTACCTGG	CCCGGCCCAGCCCTACGAAGCGTACCTGGAGTCGG	OK	RVS	0.08982716605612667	0.2957983196184874	0.5002306719295212	NONE	NONE	IN_GENOME=1	97.69418278355158	3	1	1,0,0,1,7	9
dsx_W1	1020	1043	CAGGTACGCTTCGTAGGGCTGGG	CGACTCCAGGTACGCTTCGTAGGGCTGGGCCGGGG	OK	FWD	0.08201915325654968	0.25000000025	0.6541912122169319	NONE	NONE	IN_GENOME=1	98.99527683555704	4	7	1,0,0,0,7	8
dsx_W1	1024	1047	TACGCTTCGTAGGGCTGGGCCGG	TCCAGGTACGCTTCGTAGGGCTGGGCCGGGGTCGG	OK	FWD	0.024216857218771093	0.2997308813559655	0.410196582053084	NONE	NONE	IN_GENOME=1	94.70620158871928	2	1	1,0,1,0,10	12
dsx_W1	1025	1048	ACGCTTCGTAGGGCTGGGCCGGG	CCAGGTACGCTTCGTAGGGCTGGGCCGGGGTCGGC	OK	FWD	0.028051640932300403	0.3178755315084187	0.46615742315943	NONE	NONE	IN_GENOME=1	98.00330029972685	3	1	1,0,0,1,7	9
dsx_W1	1026	1049	CGCTTCGTAGGGCTGGGCCGGGG	CAGGTACGCTTCGTAGGGCTGGGCCGGGGTCGGCT	OK	FWD	0.39654678253017983	0.4411458329752604	0.30150405289424786	NONE	NONE	IN_GENOME=1	96.35768252116709	3	3	1,0,0,3,9	13
dsx_W1	1030	1053	TCGTAGGGCTGGGCCGGGGTCGG	TACGCTTCGTAGGGCTGGGCCGGGGTCGGCTCGTC	OK	FWD	0.09034029478318822	0.26086956544268775	0.5877410737349305	NONE	NONE	IN_GENOME=1	96.03849611298526	3	1	1,0,0,1,9	11
dsx_W1	1043	1066	CGAGCGGGACGAGCCGACCCCGG	CCACGACGAGCGGGACGAGCCGACCCCGGCCCAGC	OK	RVS	0.1662612776496668	0.4537815127436975	0.14165784348429317	GC_0.8	NONE	IN_GENOME=1	95.68165095812246	3	12	1,0,0,12,48	61
dsx_W1	1049	1072	TCGGCTCGTCCCGCTCGTCGTGG	CCGGGGTCGGCTCGTCCCGCTCGTCGTGGGGCGAT	OK	FWD	0.05869476242652408	0.4703947365	0.180884473593732	NONE	NONE	IN_GENOME=1	93.02743147922679	2	1	1,0,1,3,27	32
dsx_W1	1050	1073	CGGCTCGTCCCGCTCGTCGTGGG	CGGGGTCGGCTCGTCCCGCTCGTCGTGGGGCGATG	OK	FWD	0.07961855745806411	0.6461538456358974	0.1994740747436769	NONE	NONE	IN_GENOME=1	86.40920518061176	2	1	1,0,1,2,38	42
dsx_W1	1051	1074	GGCTCGTCCCGCTCGTCGTGGGG	GGGGTCGGCTCGTCCCGCTCGTCGTGGGGCGATGC	OK	FWD	0.07443394278915415	0.35336538463501604	0.22228754650440727	NONE	NONE	IN_GENOME=1	93.23437877428977	3	1	1,0,0,1,24	26
dsx_W1	1058	1081	AGCATCGCCCCACGACGAGCGGG	ACGGAAAGCATCGCCCCACGACGAGCGGGACGAGC	OK	RVS	0.062370787166254514	0.5571428574809523	0.26105845989891163	NONE	NONE	IN_GENOME=1	93.83074488522693	3	3	1,0,0,3,12	16
dsx_W1	1059	1082	AAGCATCGCCCCACGACGAGCGG	CACGGAAAGCATCGCCCCACGACGAGCGGGACGAG	OK	RVS	0.39635806261816664	0.22499999983125	0.7717548792001803	NONE	NONE	IN_GENOME=1	98.79058876453412	3	2	1,0,0,2,4	7
dsx_W1	1068	1091	GTGGGGCGATGCTTTCCGTGCGG	CTCGTCGTGGGGCGATGCTTTCCGTGCGGCATGCA	OK	FWD	0.4370880247508526	0.7714285713000001	0.23619066220060705	NONE	NONE	IN_GENOME=1	92.24878021536374	3	6	1,0,0,6,19	26
dsx_W1	1083	1106	CGGAAGATTTGCATGCCGCACGG	GGGAGGCGGAAGATTTGCATGCCGCACGGAAAGCA	OK	RVS	0.7069371329980971	0.25177865620671935	0.5521906689510319	NONE	NONE	IN_GENOME=1	97.65451428541525	4	12	1,0,0,0,12	13
dsx_W1	1094	1117	GCAAATCTTCCGCCTCCCCCCGG	CGGCATGCAAATCTTCCGCCTCCCCCCGGGGCGGG	OK	FWD	0.41134117008639665	0.5676018099530618	0.2591731829189387	NONE	NONE	IN_GENOME=1	96.15501765821132	3	1	1,0,0,1,24	26
dsx_W1	1095	1118	CAAATCTTCCGCCTCCCCCCGGG	GGCATGCAAATCTTCCGCCTCCCCCCGGGGCGGGC	OK	FWD	0.17274391539390702	0.22740524798542275	0.4619909009952788	NONE	NONE	IN_GENOME=1	96.9524210840123	3	1	1,0,0,1,16	18
dsx_W1	1096	1119	AAATCTTCCGCCTCCCCCCGGGG	GCATGCAAATCTTCCGCCTCCCCCCGGGGCGGGCT	OK	FWD	0.33291532866815304	0.2908653844718407	0.37965836978321	NONE	NONE	IN_GENOME=1	96.6166864256044	3	1	1,0,0,1,14	16
dsx_W1	1099	1122	TCTTCCGCCTCCCCCCGGGGCGG	TGCAAATCTTCCGCCTCCCCCCGGGGCGGGCTGAA	OK	FWD	0.1180726106403682	0.5305078555411035	0.15820393636032462	GC_0.8	NONE	IN_GENOME=1	91.7213564518966	3	2	1,0,0,2,35	38
dsx_W1	1100	1123	CTTCCGCCTCCCCCCGGGGCGGG	GCAAATCTTCCGCCTCCCCCCGGGGCGGGCTGAAG	OK	FWD	0.03260410046932843	0.552429667510961	0.1750926074038895	GC_0.85	NONE	IN_GENOME=1	90.59086304506985	3	4	1,0,0,4,38	43
dsx_W1	1103	1126	CAGCCCGCCCCGGGGGGAGGCGG	CACCTTCAGCCCGCCCCGGGGGGAGGCGGAAGATT	OK	RVS	0.07865528890821476	0.7	0.08302670863839333	GC_0.9	NONE	IN_GENOME=1	82.21253786801198	3	8	1,0,0,8,56	65
dsx_W1	1106	1129	CTTCAGCCCGCCCCGGGGGGAGG	GCGCACCTTCAGCCCGCCCCGGGGGGAGGCGGAAG	OK	RVS	0.020152569055866234	0.36521739100869566	0.30267061400086825	GC_0.85	NONE	IN_GENOME=1	94.39358406879505	3	3	1,0,0,3,15	19
dsx_W1	1107	1130	CTCCCCCCGGGGCGGGCTGAAGG	TTCCGCCTCCCCCCGGGGCGGGCTGAAGGTGCGCG	OK	FWD	0.008681196212484144	0.43333333337857144	0.31355767350825303	GC_0.85	NONE	IN_GENOME=1	96.32018042496115	3	4	1,0,0,4,15	20
dsx_W1	1109	1132	CACCTTCAGCCCGCCCCGGGGGG	GACGCGCACCTTCAGCCCGCCCCGGGGGGAGGCGG	OK	RVS	0.1197192841805695	0.46917293252756886	0.29227058428996705	GC_0.8	NONE	IN_GENOME=1	93.94472181457282	3	1	1,0,0,1,28	30
dsx_W1	1110	1133	GCACCTTCAGCCCGCCCCGGGGG	AGACGCGCACCTTCAGCCCGCCCCGGGGGGAGGCG	OK	RVS	0.28256078757297415	0.4727272727980375	0.31645983378044845	GC_0.8	NONE	IN_GENOME=1	95.182344002578	3	2	1,0,0,2,22	25
dsx_W1	1111	1134	CGCACCTTCAGCCCGCCCCGGGG	AAGACGCGCACCTTCAGCCCGCCCCGGGGGGAGGC	OK	RVS	0.5276536545627609	0.4153846152	0.4702758193968989	GC_0.8	NONE	IN_GENOME=1	96.42282708712312	3	1	1,0,0,1,10	12
dsx_W1	1112	1135	GCGCACCTTCAGCCCGCCCCGGG	AAAGACGCGCACCTTCAGCCCGCCCCGGGGGGAGG	OK	RVS	0.011635445595606352	0.6388591800231016	0.42994446034843375	GC_0.8	NONE	IN_GENOME=1	96.14553160323676	3	2	1,0,0,2,15	18
dsx_W1	1113	1136	CGCGCACCTTCAGCCCGCCCCGG	AAAAGACGCGCACCTTCAGCCCGCCCCGGGGGGAG	OK	RVS	0.04841774103552269	0.4260355024868977	0.275098367429674	GC_0.8	NONE	IN_GENOME=1	94.80450799779742	3	6	1,0,0,6,27	34
dsx_W1	1125	1148	GAAGGTGCGCGTCTTTTTGCTGG	CGGGCTGAAGGTGCGCGTCTTTTTGCTGGCCGCTT	OK	FWD	0.09281119049019959	0.3937499998424999	0.39451022596280716	NONE	PolyT	IN_GENOME=1	95.90919667705325	4	18	1,0,0,0,18	19
dsx_W1	1139	1162	TTTTGCTGGCCGCTTCGACCAGG	GCGTCTTTTTGCTGGCCGCTTCGACCAGGCTCTCG	OK	FWD	0.09723397182991682	0.334380709060285	0.3333765260032712	NONE	PolyT	IN_GENOME=1	96.05801956143128	3	3	1,0,0,3,21	25
dsx_W1	1148	1171	GTACGAGAGCCTGGTCGAAGCGG	GTCCGTGTACGAGAGCCTGGTCGAAGCGGCCAGCA	OK	RVS	0.5603329118875711	0.1125000001125	0.6733710984656898	NONE	NONE	IN_GENOME=1	99.76306491841142	4	6	1,0,0,0,6	7
dsx_W1	1152	1175	TTCGACCAGGCTCTCGTACACGG	GGCCGCTTCGACCAGGCTCTCGTACACGGACACCG	OK	FWD	0.06606920678434396	0.27857142870408164	0.5037668414600107	NONE	NONE	IN_GENOME=1	98.27780710232571	4	8	1,0,0,0,8	9
dsx_W1	1157	1180	GGTGTCCGTGTACGAGAGCCTGG	GGTGTCGGTGTCCGTGTACGAGAGCCTGGTCGAAG	OK	RVS	0.10778095533358724	0.2532467534721707	0.493346759144673	NONE	NONE	IN_GENOME=1	97.38586404501633	3	1	1,0,0,1,12	14
dsx_W1	1168	1191	TACACGGACACCGACACCACCGG	CTCTCGTACACGGACACCGACACCACCGGCTCGTC	OK	FWD	0.1427091156979826	0.5439560438200549	0.16252502003689773	NONE	NONE	IN_GENOME=1	94.21979150616788	3	1	1,0,0,1,30	32
dsx_W1	1178	1201	GGACGACGAGCCGGTGGTGTCGG	CGCCCCGGACGACGAGCCGGTGGTGTCGGTGTCCG	OK	RVS	0.19242689253570427	0.43921568582169934	0.16335764927621169	NONE	NONE	IN_GENOME=1	87.22035929557525	2	1	1,0,1,6,69	77
dsx_W1	1180	1203	GACACCACCGGCTCGTCGTCCGG	GACACCGACACCACCGGCTCGTCGTCCGGGGCGGG	OK	FWD	0.07498800732952242	0.3019607843085784	0.36711481221943937	NONE	NONE	IN_GENOME=1	94.10181164628256	3	1	1,0,0,1,14	16
dsx_W1	1181	1204	ACACCACCGGCTCGTCGTCCGGG	ACACCGACACCACCGGCTCGTCGTCCGGGGCGGGC	OK	FWD	0.021579715420532695	0.4236678652742727	0.29123319811551207	NONE	NONE	IN_GENOME=1	95.5540154664416	3	2	1,0,0,2,22	25
dsx_W1	1182	1205	CACCACCGGCTCGTCGTCCGGGG	CACCGACACCACCGGCTCGTCGTCCGGGGCGGGCG	OK	FWD	0.04361901034462101	0.21666666654761904	0.2701906813463958	NONE	NONE	IN_GENOME=1	95.37383032786695	3	3	1,0,0,3,28	32
dsx_W1	1184	1207	CGCCCCGGACGACGAGCCGGTGG	ATCGCCCGCCCCGGACGACGAGCCGGTGGTGTCGG	OK	RVS	0.10120408624623886	0.5934782609282608	0.11176619213989848	GC_0.85	NONE	IN_GENOME=1	88.09798288392308	3	6	1,0,0,6,48	55
dsx_W1	1185	1208	CACCGGCTCGTCGTCCGGGGCGG	CGACACCACCGGCTCGTCGTCCGGGGCGGGCGATC	OK	FWD	0.11408344016261364	0.6335353528452525	0.17406232976062588	GC_0.8	NONE	IN_GENOME=1	94.182278370097	3	1	1,0,0,1,30	32
dsx_W1	1186	1209	ACCGGCTCGTCGTCCGGGGCGGG	GACACCACCGGCTCGTCGTCCGGGGCGGGCGATCG	OK	FWD	0.02828988022006187	0.50142857163	0.16714752199424368	GC_0.8	NONE	IN_GENOME=1	94.79024234125475	3	3	1,0,0,3,35	39
dsx_W1	1187	1210	GCCCGCCCCGGACGACGAGCCGG	TCGATCGCCCGCCCCGGACGACGAGCCGGTGGTGT	OK	RVS	0.14443902360634286	0.7272727268190476	0.1229742425417749	GC_0.85	NONE	IN_GENOME=1	86.25123582177565	3	7	1,0,0,7,48	56
dsx_W1	1199	1222	CCGGGGCGGGCGATCGACTCTGG	CGTCGTCCGGGGCGGGCGATCGACTCTGGGCGGCC	OK	FWD	0.001288450713745492	0.23999999996761903	0.6687496956590652	GC_0.8	NONE	IN_GENOME=1	98.75506495922535	3	1	1,0,0,1,6	8
dsx_W1	1199	1222	CCAGAGTCGATCGCCCGCCCCGG	GGCCGCCCAGAGTCGATCGCCCGCCCCGGACGACG	OK	RVS	0.22718099226226776	0.11204481794926857	0.6703179496662458	NONE	NONE	IN_GENOME=1	97.41380254249957	3	6	1,0,0,6,9	16
dsx_W1	1200	1223	CGGGGCGGGCGATCGACTCTGGG	GTCGTCCGGGGCGGGCGATCGACTCTGGGCGGCCG	OK	FWD	0.00129098416329219	0.2512820512461538	0.7400221418434728	NONE	NONE	IN_GENOME=1	99.40089062113228	3	1	1,0,0,1,5	7
dsx_W1	1203	1226	GGCGGGCGATCGACTCTGGGCGG	GTCCGGGGCGGGCGATCGACTCTGGGCGGCCGCCA	OK	FWD	0.5867323346484176	0.22857142884981685	0.6692536804678254	NONE	NONE	IN_GENOME=1	99.0904433296344	3	1	1,0,0,1,8	10
dsx_W1	1214	1237	GACTCTGGGCGGCCGCCATGTGG	GCGATCGACTCTGGGCGGCCGCCATGTGGCTCCCG	OK	FWD	0.04970108654075182	0.3156887756951531	0.6935425585054275	NONE	NONE	IN_GENOME=1	98.7416689847866	4	5	1,0,0,0,5	6
dsx_W1	1226	1249	GCACATCGGGAGCCACATGGCGG	GGCCGAGCACATCGGGAGCCACATGGCGGCCGCCC	OK	RVS	0.5422531056258373	0.06095238100571428	0.8021155782523804	NONE	NONE	IN_GENOME=1	99.31939054252156	4	7	1,0,0,0,7	8
dsx_W1	1229	1252	CGAGCACATCGGGAGCCACATGG	CCCGGCCGAGCACATCGGGAGCCACATGGCGGCCG	OK	RVS	0.24449006975002097	0.35171992710360267	0.42659808246189024	NONE	NONE	IN_GENOME=1	97.1953964413789	3	1	1,0,0,1,10	12
dsx_W1	1230	1253	CATGTGGCTCCCGATGTGCTCGG	GGCCGCCATGTGGCTCCCGATGTGCTCGGCCGGGA	OK	FWD	0.2926436754211547	0.366545454408	0.573465558982975	NONE	NONE	IN_GENOME=1	97.61990976804115	4	6	1,0,0,0,6	7
dsx_W1	1234	1257	TGGCTCCCGATGTGCTCGGCCGG	GCCATGTGGCTCCCGATGTGCTCGGCCGGGAGGGT	OK	FWD	0.05872944131793592	0.16194332005060727	0.5744017540768448	NONE	NONE	IN_GENOME=1	98.09388708924955	4	9	1,0,0,0,9	10
dsx_W1	1235	1258	GGCTCCCGATGTGCTCGGCCGGG	CCATGTGGCTCCCGATGTGCTCGGCCGGGAGGGTG	OK	FWD	0.05871385907820793	0.8120300754499711	0.24804710437038582	NONE	NONE	IN_GENOME=1	95.43027239845469	3	1	1,0,0,1,17	19
dsx_W1	1238	1261	TCCCGATGTGCTCGGCCGGGAGG	TGTGGCTCCCGATGTGCTCGGCCGGGAGGGTGTGG	OK	FWD	0.13351334576437107	0.2769230768	0.4508766184442155	NONE	NONE	IN_GENOME=1	97.74769057715297	3	1	1,0,0,1,9	11
dsx_W1	1239	1262	CCCTCCCGGCCGAGCACATCGGG	ACCACACCCTCCCGGCCGAGCACATCGGGAGCCAC	OK	RVS	0.005065713947418663	0.11470588246078431	0.7465750153670777	NONE	NONE	IN_GENOME=1	98.7996916482483	3	1	1,0,0,1,4	6
dsx_W1	1239	1262	CCCGATGTGCTCGGCCGGGAGGG	GTGGCTCCCGATGTGCTCGGCCGGGAGGGTGTGGT	OK	FWD	0.10146105440525602	0.3896103892792208	0.4818562269025126	NONE	NONE	IN_GENOME=1	97.87049044079184	3	1	1,0,0,1,9	11
dsx_W1	1240	1263	ACCCTCCCGGCCGAGCACATCGG	TACCACACCCTCCCGGCCGAGCACATCGGGAGCCA	OK	RVS	0.13944379132161625	0.05384615376634615	0.9489051095609116	NONE	NONE	IN_GENOME=1	99.98543662622748	4	1	1,0,0,0,1	2
dsx_W1	1244	1267	TGTGCTCGGCCGGGAGGGTGTGG	TCCCGATGTGCTCGGCCGGGAGGGTGTGGTACCGT	OK	FWD	0.01763859647802192	0.4146441791102427	0.2917054935245907	NONE	NONE	IN_GENOME=1	93.58839821575707	3	2	1,0,0,2,23	26
dsx_W1	1253	1276	GAAACGGTACCACACCCTCCCGG	CCACTCGAAACGGTACCACACCCTCCCGGCCGAGC	OK	RVS	0.3068203167479822	0.32000000016	0.31966742873413995	NONE	NONE	IN_GENOME=1	95.88746682034946	3	3	1,0,0,3,22	26
dsx_W1	1259	1282	GGGTGTGGTACCGTTTCGAGTGG	CCGGGAGGGTGTGGTACCGTTTCGAGTGGCTGCGG	OK	FWD	0.5075350519986424	0.3441055980669094	0.22677421331824946	NONE	NONE	IN_GENOME=1	94.06903508674289	3	2	1,0,0,2,24	27
dsx_W1	1265	1288	GGTACCGTTTCGAGTGGCTGCGG	GGGTGTGGTACCGTTTCGAGTGGCTGCGGCCCCTG	OK	FWD	0.3029628454522974	0.4105928085456754	0.3732297105115703	NONE	NONE	IN_GENOME=1	96.2908400513428	3	1	1,0,0,1,19	21
dsx_W1	1269	1292	GGGGCCGCAGCCACTCGAAACGG	GTAGCAGGGGCCGCAGCCACTCGAAACGGTACCAC	OK	RVS	0.2650199900897147	0.23931623958974357	0.6372780043436712	NONE	NONE	IN_GENOME=1	98.452048448275	3	1	1,0,0,1,4	6
dsx_W1	1278	1301	GTGGCTGCGGCCCCTGCTACCGG	TTTCGAGTGGCTGCGGCCCCTGCTACCGGTGCTGT	OK	FWD	0.037826008539213626	0.370192307375	0.33403006201167085	NONE	NONE	IN_GENOME=1	93.6802416063426	2	1	1,0,1,3,23	28
dsx_W1	1286	1309	GGCCCCTGCTACCGGTGCTGTGG	GGCTGCGGCCCCTGCTACCGGTGCTGTGGGCCGTC	OK	FWD	0.03174949021213543	0.7218045110225564	0.2175278721801192	NONE	NONE	IN_GENOME=1	92.34318850124046	3	3	1,0,0,3,26	30
dsx_W1	1287	1310	GCCCCTGCTACCGGTGCTGTGGG	GCTGCGGCCCCTGCTACCGGTGCTGTGGGCCGTCC	OK	FWD	0.08468012949058387	0.2299319728112245	0.27411592006095087	NONE	NONE	IN_GENOME=1	89.87869570622479	4	47	1,0,0,0,47	48
dsx_W1	1288	1311	GCCCACAGCACCGGTAGCAGGGG	CGGACGGCCCACAGCACCGGTAGCAGGGGCCGCAG	OK	RVS	0.4906677179096915	0.5921052630468749	0.1724442585294828	NONE	NONE	IN_GENOME=1	88.55229972158436	3	3	1,0,0,3,39	43
dsx_W1	1289	1312	GGCCCACAGCACCGGTAGCAGGG	GCGGACGGCCCACAGCACCGGTAGCAGGGGCCGCA	OK	RVS	0.0631858321887546	0.2857142856428571	0.39795390866456276	NONE	NONE	IN_GENOME=1	98.18674000024166	3	2	1,0,0,2,11	14
dsx_W1	1290	1313	CGGCCCACAGCACCGGTAGCAGG	GGCGGACGGCCCACAGCACCGGTAGCAGGGGCCGC	OK	RVS	0.009713188620666932	0.2773109244704266	0.2323942518713593	NONE	NONE	IN_GENOME=1	96.98819203233707	3	1	1,0,0,1,31	33
dsx_W1	1297	1320	GGGCGGACGGCCCACAGCACCGG	GGGCACGGGCGGACGGCCCACAGCACCGGTAGCAG	OK	RVS	0.15103382091951692	0.37142857128	0.4687912241011091	GC_0.8	NONE	IN_GENOME=1	97.97598970375194	4	15	1,0,0,0,15	16
dsx_W1	1310	1333	GGTGCGGGGGCACGGGCGGACGG	CTCGGTGGTGCGGGGGCACGGGCGGACGGCCCACA	OK	RVS	0.023081561762720807	0.538461538	0.19861346192769938	GC_0.85	NONE	IN_GENOME=1	92.4925742109561	3	1	1,0,0,1,56	58
dsx_W1	1314	1337	CGGTGGTGCGGGGGCACGGGCGG	GTGCCTCGGTGGTGCGGGGGCACGGGCGGACGGCC	OK	RVS	0.2802753107646322	0.338541666640625	0.21449565328963585	GC_0.85	NONE	IN_GENOME=1	93.2293694731048	3	5	1,0,0,5,44	50
dsx_W1	1317	1340	CCCGTGCCCCCGCACCACCGAGG	CGTCCGCCCGTGCCCCCGCACCACCGAGGCACTGT	OK	FWD	0.461074037143893	0.24489795951020407	0.6242609055047325	GC_0.85	NONE	IN_GENOME=1	98.26374229474266	4	11	1,0,0,0,11	12
dsx_W1	1317	1340	CCTCGGTGGTGCGGGGGCACGGG	ACAGTGCCTCGGTGGTGCGGGGGCACGGGCGGACG	OK	RVS	0.00323612381302278	0.22816399323208558	0.6025815023070501	GC_0.8	NONE	IN_GENOME=1	98.84910965193879	3	1	1,0,0,1,9	11
dsx_W1	1318	1341	GCCTCGGTGGTGCGGGGGCACGG	GACAGTGCCTCGGTGGTGCGGGGGCACGGGCGGAC	OK	RVS	0.05289537417928401	0.3374999999798076	0.3345401090317667	GC_0.8	NONE	IN_GENOME=1	96.84284121092968	4	22	1,0,0,0,22	23
dsx_W1	1323	1346	ACAGTGCCTCGGTGGTGCGGGGG	TCGACGACAGTGCCTCGGTGGTGCGGGGGCACGGG	OK	RVS	0.2730135336192053	0.558500323528119	0.20430175368989353	NONE	NONE	IN_GENOME=1	90.39011009032474	2	1	1,0,1,1,17	20
dsx_W1	1324	1347	GACAGTGCCTCGGTGGTGCGGGG	TTCGACGACAGTGCCTCGGTGGTGCGGGGGCACGG	OK	RVS	0.09062451650456332	0.5217996285946196	0.44350452077930513	NONE	NONE	IN_GENOME=1	98.20170832769251	4	7	1,0,0,0,7	8
dsx_W1	1325	1348	CGACAGTGCCTCGGTGGTGCGGG	GTTCGACGACAGTGCCTCGGTGGTGCGGGGGCACG	OK	RVS	0.033038760327066236	0.2745098039058823	0.2923243546745858	NONE	NONE	IN_GENOME=1	95.26270752505826	3	1	1,0,0,1,23	25
dsx_W1	1326	1349	ACGACAGTGCCTCGGTGGTGCGG	CGTTCGACGACAGTGCCTCGGTGGTGCGGGGGCAC	OK	RVS	0.0547197654030497	0.6844919788406417	0.36281442463972235	NONE	NONE	IN_GENOME=1	98.452880045153	4	9	1,0,0,0,9	10
dsx_W1	1331	1354	GTTCGACGACAGTGCCTCGGTGG	CAGCGCGTTCGACGACAGTGCCTCGGTGGTGCGGG	OK	RVS	0.16562060036386675	0.34293879467397	0.6014880536640584	NONE	NONE	IN_GENOME=1	99.40293442810483	4	7	1,0,0,0,7	8
dsx_W1	1334	1357	CGCGTTCGACGACAGTGCCTCGG	CTGCAGCGCGTTCGACGACAGTGCCTCGGTGGTGC	OK	RVS	0.2233394931778509	0.2443438917828054	0.5607784153505772	NONE	NONE	IN_GENOME=1	98.70547931973587	3	1	1,0,0,1,7	9
dsx_W1	1365	1388	ACCGTCGTCCCGATCGCAGCCGG	GCAGTCACCGTCGTCCCGATCGCAGCCGGTGCTGC	OK	FWD	0.10686425320675279	0.35926870758524665	0.352635573654703	NONE	NONE	IN_GENOME=1	96.35228688469356	4	16	1,0,0,0,16	17
dsx_W1	1366	1389	ACCGGCTGCGATCGGGACGACGG	AGCAGCACCGGCTGCGATCGGGACGACGGTGACTG	OK	RVS	0.36042438187982784	0.5939393935045455	0.2418805721893316	NONE	NONE	IN_GENOME=1	94.0910116993745	3	2	1,0,0,2,17	20
dsx_W1	1373	1396	CAGCAGCACCGGCTGCGATCGGG	CAGCAGCAGCAGCACCGGCTGCGATCGGGACGACG	OK	RVS	0.03225698496008969	0.3832199545895692	0.1947679723800848	NONE	NONE	IN_GENOME=1	96.43526940582966	3	4	1,0,0,4,54	59
dsx_W1	1374	1397	GCAGCAGCACCGGCTGCGATCGG	CCAGCAGCAGCAGCACCGGCTGCGATCGGGACGAC	OK	RVS	0.339103655116266	0.5403508766070175	0.07570679765334497	NONE	NONE	IN_GENOME=1	88.8181273392909	2	3	1,0,3,10,114	128
dsx_W1	1384	1407	TCCGCCAGCAGCAGCAGCACCGG	AAACCATCCGCCAGCAGCAGCAGCACCGGCTGCGA	OK	RVS	0.2273828926995697	0.9	0.015187370500753033	NONE	NONE	IN_GENOME=1	27.197531716224166	2	6	1,0,6,72,331	410
dsx_W1	1387	1410	GTGCTGCTGCTGCTGGCGGATGG	CAGCCGGTGCTGCTGCTGCTGGCGGATGGTTTGAA	OK	FWD	0.26766081242329304	0.9	0.02293846533241061	NONE	NONE	IN_GENOME=1	29.185955977713668	1	3	1,3,11,120,534	669
dsx_W1	1398	1421	GCTGGCGGATGGTTTGAATTTGG	GCTGCTGCTGGCGGATGGTTTGAATTTGGTGTCAA	OK	FWD	0.3172935230404295	0.16666666689743587	0.4801488577767569	NONE	NONE	IN_GENOME=1	96.98809919045252	3	1	1,0,0,1,16	18
dsx_W1	1406	1429	ATGGTTTGAATTTGGTGTCAAGG	TGGCGGATGGTTTGAATTTGGTGTCAAGGTTCAGG	OK	FWD	0.008519997782198708	0.39984621330526715	0.3737708235281552	NONE	NONE	IN_GENOME=1	98.05119405301885	3	1	1,0,0,1,14	16
dsx_W1	1412	1435	TGAATTTGGTGTCAAGGTTCAGG	ATGGTTTGAATTTGGTGTCAAGGTTCAGGGCCCGA	OK	FWD	0.0036408807624361463	0.20952380945079369	0.7053766123750301	NONE	NONE	IN_GENOME=1	98.80818815604383	4	10	1,0,0,0,10	11
dsx_W1	1413	1436	GAATTTGGTGTCAAGGTTCAGGG	TGGTTTGAATTTGGTGTCAAGGTTCAGGGCCCGAT	OK	FWD	0.06734867838296685	0.342245988945862	0.3625820199132873	NONE	NONE	IN_GENOME=1	98.33206927958068	3	1	1,0,0,1,27	29
dsx_W1	1425	1448	AAGGTTCAGGGCCCGATCGTCGG	GGTGTCAAGGTTCAGGGCCCGATCGTCGGCCCGGG	OK	FWD	0.05360342390379535	0.25714285681530613	0.47219671009310904	NONE	NONE	IN_GENOME=1	96.81403441154141	3	1	1,0,0,1,10	12
dsx_W1	1430	1453	TCAGGGCCCGATCGTCGGCCCGG	CAAGGTTCAGGGCCCGATCGTCGGCCCGGGGAGTT	OK	FWD	0.17284128807640387	0.26442307728365383	0.4559424867069198	NONE	NONE	IN_GENOME=1	97.83063351246881	4	10	1,0,0,0,10	11
dsx_W1	1431	1454	CAGGGCCCGATCGTCGGCCCGGG	AAGGTTCAGGGCCCGATCGTCGGCCCGGGGAGTTT	OK	FWD	0.0132109031857209	0.2819221969995423	0.540518441877117	GC_0.8	NONE	IN_GENOME=1	97.70811730132837	3	2	1,0,0,2,10	13
dsx_W1	1432	1455	AGGGCCCGATCGTCGGCCCGGGG	AGGTTCAGGGCCCGATCGTCGGCCCGGGGAGTTTC	OK	FWD	0.1628066076100188	0.4254201682326681	0.4900344203101369	GC_0.8	NONE	IN_GENOME=1	98.47775096788182	4	14	1,0,0,0,14	15
dsx_W1	1436	1459	AACTCCCCGGGCCGACGATCGGG	GGCCGAAACTCCCCGGGCCGACGATCGGGCCCTGA	OK	RVS	0.017119056922931575	0.4125	0.6227641607448099	NONE	NONE	IN_GENOME=1	97.97982470799941	3	1	1,0,0,1,3	5
dsx_W1	1437	1460	AAACTCCCCGGGCCGACGATCGG	AGGCCGAAACTCCCCGGGCCGACGATCGGGCCCTG	OK	RVS	0.22761794357515433	0.2799999999	0.6226343166038801	NONE	NONE	IN_GENOME=1	98.59804350833903	4	8	1,0,0,0,8	9
dsx_W1	1440	1463	ATCGTCGGCCCGGGGAGTTTCGG	GGCCCGATCGTCGGCCCGGGGAGTTTCGGCCTGGC	OK	FWD	0.08674932856323517	0.38571428565000004	0.48032671478395017	NONE	NONE	IN_GENOME=1	98.42549195410817	4	6	1,0,0,0,6	7
dsx_W1	1445	1468	CGGCCCGGGGAGTTTCGGCCTGG	GATCGTCGGCCCGGGGAGTTTCGGCCTGGCGCGAG	OK	FWD	0.03331589816808747	0.3127819551740064	0.5463649295128883	GC_0.8	NONE	IN_GENOME=1	98.31974117315669	4	14	1,0,0,0,14	15
dsx_W1	1448	1471	GCGCCAGGCCGAAACTCCCCGGG	CTGCTCGCGCCAGGCCGAAACTCCCCGGGCCGACG	OK	RVS	0.29537966103964347	0.07622811976990401	0.8699271878741389	NONE	NONE	IN_GENOME=1	99.59951699688023	4	3	1,0,0,0,3	4
dsx_W1	1449	1472	CGCGCCAGGCCGAAACTCCCCGG	CCTGCTCGCGCCAGGCCGAAACTCCCCGGGCCGAC	OK	RVS	0.02478477453755548	0.13664488009051562	0.7157883829854204	NONE	NONE	IN_GENOME=1	98.94995316216912	4	6	1,0,0,0,6	7
dsx_W1	1455	1478	AGTTTCGGCCTGGCGCGAGCAGG	CCGGGGAGTTTCGGCCTGGCGCGAGCAGGACCGGG	OK	FWD	0.07493287539250708	0.26149425273994253	0.5783229330113484	NONE	NONE	IN_GENOME=1	98.065696927977	4	5	1,0,0,0,5	6
dsx_W1	1460	1483	CGGCCTGGCGCGAGCAGGACCGG	GAGTTTCGGCCTGGCGCGAGCAGGACCGGGACCGC	OK	FWD	0.017499608069580546	0.3651732877988166	0.391568488718476	GC_0.8	NONE	IN_GENOME=1	97.1590696002827	4	17	1,0,0,0,17	18
dsx_W1	1461	1484	GGCCTGGCGCGAGCAGGACCGGG	AGTTTCGGCCTGGCGCGAGCAGGACCGGGACCGCG	OK	FWD	0.05059294401068442	0.6416666664375	0.39396951546084497	GC_0.8	NONE	IN_GENOME=1	96.63376381228603	3	2	1,0,0,2,11	14
dsx_W1	1463	1486	GTCCCGGTCCTGCTCGCGCCAGG	GTCGCGGTCCCGGTCCTGCTCGCGCCAGGCCGAAA	OK	RVS	0.12953232080520088	0.5107142858255953	0.39788183975309244	GC_0.8	NONE	IN_GENOME=1	97.34652579831611	4	16	1,0,0,0,16	17
dsx_W1	1479	1502	CCAGCTCGCTGTCGCGGTCCCGG	CGAGGTCCAGCTCGCTGTCGCGGTCCCGGTCCTGC	OK	RVS	0.019671251921901594	0.2215384617230769	0.6886769763724895	NONE	NONE	IN_GENOME=1	98.21322383595758	3	1	1,0,0,1,14	16
dsx_W1	1479	1502	CCGGGACCGCGACAGCGAGCTGG	GCAGGACCGGGACCGCGACAGCGAGCTGGACCTCG	OK	FWD	0.03460072829494574	0.18284236808627294	0.40623042173888657	GC_0.8	NONE	IN_GENOME=1	94.80096760718895	3	1	1,0,0,1,25	27
dsx_W1	1485	1508	CGAGGTCCAGCTCGCTGTCGCGG	TTCGGTCGAGGTCCAGCTCGCTGTCGCGGTCCCGG	OK	RVS	0.08438484593194154	0.20999999979	0.6228228035490136	NONE	NONE	IN_GENOME=1	99.02945638818184	3	1	1,0,0,1,9	11
dsx_W1	1494	1517	CGAGCTGGACCTCGACCGAATGG	CGACAGCGAGCTGGACCTCGACCGAATGGTGGAGT	OK	FWD	0.3492459031024868	0.45109641469369993	0.3152389756526226	NONE	NONE	IN_GENOME=1	96.07446501790884	3	2	1,0,0,2,14	17
dsx_W1	1497	1520	GCTGGACCTCGACCGAATGGTGG	CAGCGAGCTGGACCTCGACCGAATGGTGGAGTTGG	OK	FWD	0.49353767437259977	0.2068181817997159	0.6072042197780003	NONE	NONE	IN_GENOME=1	98.30703846989613	4	8	1,0,0,0,8	9
dsx_W1	1503	1526	CCAACTCCACCATTCGGTCGAGG	CCCGCACCAACTCCACCATTCGGTCGAGGTCCAGC	OK	RVS	0.32451192485558744	0.5296296297370371	0.3101077876184732	NONE	NONE	IN_GENOME=1	94.05790109001158	3	3	1,0,0,3,13	17
dsx_W1	1503	1526	CCTCGACCGAATGGTGGAGTTGG	GCTGGACCTCGACCGAATGGTGGAGTTGGTGCGGG	OK	FWD	0.0657979026462064	0.41363636364034084	0.37652058005175376	NONE	NONE	IN_GENOME=1	96.09521692028275	3	1	1,0,0,1,13	15
dsx_W1	1508	1531	ACCGAATGGTGGAGTTGGTGCGG	ACCTCGACCGAATGGTGGAGTTGGTGCGGGTCACC	OK	FWD	0.024788004596835493	0.44637681149057973	0.27838588070376424	NONE	NONE	IN_GENOME=1	94.65721243848222	3	4	1,0,0,4,30	35
dsx_W1	1509	1532	CCGAATGGTGGAGTTGGTGCGGG	CCTCGACCGAATGGTGGAGTTGGTGCGGGTCACCG	OK	FWD	0.181811402428661	0.6068227422509698	0.18493834160145714	NONE	NONE	IN_GENOME=1	89.00844400641353	3	4	1,0,0,4,71	76
dsx_W1	1509	1532	CCCGCACCAACTCCACCATTCGG	CGGTGACCCGCACCAACTCCACCATTCGGTCGAGG	OK	RVS	0.3786869445591986	0.3885869565703125	0.3133890312253834	NONE	NONE	IN_GENOME=1	93.12364463542745	4	24	1,0,0,0,24	25
dsx_W1	1535	1558	CGACGAGGACGAGAACATCTCGG	GGACGACGACGAGGACGAGAACATCTCGGTGACCC	OK	RVS	0.25663449937843813	0.33531746008015867	0.31701896735615226	NONE	NONE	IN_GENOME=1	97.730836455611	3	3	1,0,0,3,26	30
dsx_W1	1550	1573	GCTGACGGAGGACGACGACGAGG	CGACCGGCTGACGGAGGACGACGACGAGGACGAGA	OK	RVS	0.7887248934848046	0.67901785745625	0.10729662463789233	NONE	NONE	IN_GENOME=1	79.00671358856434	3	7	1,0,0,7,76	84
dsx_W1	1553	1576	CGTCGTCGTCCTCCGTCAGCCGG	CGTCCTCGTCGTCGTCCTCCGTCAGCCGGTCGCTG	OK	FWD	0.345933672908632	0.4078431376372549	0.1131377573380515	NONE	NONE	IN_GENOME=1	88.66397460595039	2	1	1,0,1,7,60	69
dsx_W1	1562	1585	GAACAGCGACCGGCTGACGGAGG	CGATCCGAACAGCGACCGGCTGACGGAGGACGACG	OK	RVS	0.371455811153464	0.36669213150954927	0.15997600046812613	NONE	NONE	IN_GENOME=1	87.63057327844473	3	4	1,0,0,4,39	44
dsx_W1	1564	1587	TCCGTCAGCCGGTCGCTGTTCGG	TCGTCCTCCGTCAGCCGGTCGCTGTTCGGATCGAG	OK	FWD	0.16600418963497954	0.3583710404316742	0.2279497028332044	NONE	NONE	IN_GENOME=1	94.35793946424612	3	3	1,0,0,3,29	33
dsx_W1	1565	1588	TCCGAACAGCGACCGGCTGACGG	GCTCGATCCGAACAGCGACCGGCTGACGGAGGACG	OK	RVS	0.08058083160597035	0.3714285718396825	0.24257849034566079	NONE	NONE	IN_GENOME=1	93.58807057406685	3	2	1,0,0,2,20	23
dsx_W1	1572	1595	CGCTCGATCCGAACAGCGACCGG	AGTCATCGCTCGATCCGAACAGCGACCGGCTGACG	OK	RVS	0.39516433611810325	0.3260869565	0.41950287083467713	NONE	NONE	IN_GENOME=1	94.65682247550598	2	1	1,0,1,1,15	18
dsx_W1	1596	1619	TGACTTCACCAGCGCTTCGTAGG	GAGCGATGACTTCACCAGCGCTTCGTAGGTCTTAA	OK	FWD	0.1537932993428974	0.25933314313166145	0.42590835026716295	NONE	NONE	IN_GENOME=1	95.81190078772995	3	2	1,0,0,2,13	16
dsx_W1	1604	1627	CATTAAGACCTACGAAGCGCTGG	ACGACACATTAAGACCTACGAAGCGCTGGTGAAGT	OK	RVS	0.33445229915317776	0.19164444434364444	0.7821184400277564	NONE	NONE	IN_GENOME=1	99.0143057970018	4	3	1,0,0,0,3	4
dsx_W1	1622	1645	TAATGTGTCGTTTACCTTTTTGG	AGGTCTTAATGTGTCGTTTACCTTTTTGGGGGTTA	OK	FWD	0.011188110907750548	0.5383022772640693	0.12923521339892974	NONE	PolyT	IN_GENOME=1	91.78650920158071	3	2	1,0,0,2,40	43
dsx_W1	1623	1646	AATGTGTCGTTTACCTTTTTGGG	GGTCTTAATGTGTCGTTTACCTTTTTGGGGGTTAC	OK	FWD	0.02056833339838651	0.5	0.23901913010539902	NONE	PolyT	IN_GENOME=1	93.87711597330443	2	1	1,0,1,1,28	31
dsx_W1	1624	1647	ATGTGTCGTTTACCTTTTTGGGG	GTCTTAATGTGTCGTTTACCTTTTTGGGGGTTACA	OK	FWD	0.08021896647872392	0.4377551016959184	0.2192826653776891	NONE	PolyT	IN_GENOME=1	94.614508063817	3	3	1,0,0,3,23	27
dsx_W1	1625	1648	TGTGTCGTTTACCTTTTTGGGGG	TCTTAATGTGTCGTTTACCTTTTTGGGGGTTACAA	OK	FWD	0.28639897448379475	0.4919254657798376	0.130693808471957	NONE	PolyT	IN_GENOME=1	88.43370091161216	3	3	1,0,0,3,50	54
dsx_W1	1633	1656	TTACCTTTTTGGGGGTTACAAGG	TGTCGTTTACCTTTTTGGGGGTTACAAGGGGCGGT	OK	FWD	0.11348428693042378	0.5212669680527473	0.33981641336230134	NONE	PolyT	IN_GENOME=1	97.38696894821254	3	1	1,0,0,1,13	15
dsx_W1	1634	1657	TACCTTTTTGGGGGTTACAAGGG	GTCGTTTACCTTTTTGGGGGTTACAAGGGGCGGTG	OK	FWD	0.10945231996217686	0.3181818178772727	0.2918517870981243	NONE	PolyT	IN_GENOME=1	97.36979932042212	3	2	1,0,0,2,18	21
dsx_W1	1635	1658	ACCTTTTTGGGGGTTACAAGGGG	TCGTTTACCTTTTTGGGGGTTACAAGGGGCGGTGC	OK	FWD	0.31208595261121974	0.2365007538133333	0.5669162514092853	NONE	PolyT	IN_GENOME=1	97.63409245099402	2	1	1,0,1,2,7	11
dsx_W1	1636	1659	GCCCCTTGTAACCCCCAAAAAGG	TGCACCGCCCCTTGTAACCCCCAAAAAGGTAAACG	OK	RVS	0.27291810947680645	0.7404360342698477	0.2338341504889761	NONE	NONE	IN_GENOME=1	94.8129252890755	3	2	1,0,0,2,10	13
dsx_W1	1638	1661	TTTTTGGGGGTTACAAGGGGCGG	TTTACCTTTTTGGGGGTTACAAGGGGCGGTGCAAA	OK	FWD	0.3093128118343988	0.3916083913282051	0.295858214111806	NONE	PolyT	IN_GENOME=1	96.95520645499239	3	1	1,0,0,1,24	26
dsx_W1	1661	1684	TGCAAAAGAGAGAGAGAGAAAGG	GGGCGGTGCAAAAGAGAGAGAGAGAAAGGGAGGTG	OK	FWD	0.18104784144029773	0.866666667	0.0029659597814614062	NONE	NONE	IN_GENOME=1	13.236413772187452	1	2	1,2,21,152,901	1077
dsx_W1	1684	1707	GAGGTGGGATAAAAAGAAAGCGG	GAAAGGGAGGTGGGATAAAAAGAAAGCGGAAAATC	OK	FWD	0.6701038773212934	0.703125	0.14629856547151004	NONE	NONE	IN_GENOME=1	87.35036286210118	2	1	1,0,1,3,34	39
dsx_W1	1722	1745	AGTTCGCATTCAGCCCTCGTCGG	TAGCAAAGTTCGCATTCAGCCCTCGTCGGACGGCG	OK	FWD	0.31788895402138617	0.64285714275	0.5330301196905464	NONE	NONE	IN_GENOME=1	98.36779629150837	3	2	1,0,0,2,1	4
dsx_W1	1726	1749	CGCATTCAGCCCTCGTCGGACGG	AAAGTTCGCATTCAGCCCTCGTCGGACGGCGTTAT	OK	FWD	0.1370084978685534	0.18604334186499932	0.5886261969281809	NONE	NONE	IN_GENOME=1	98.49172394275236	3	1	1,0,0,1,8	10
dsx_W1	1734	1757	GCCCTCGTCGGACGGCGTTATGG	CATTCAGCCCTCGTCGGACGGCGTTATGGTGGCGA	OK	FWD	0.19013091283511566	0.2086956522	0.7601114527562715	NONE	NONE	IN_GENOME=1	99.03255915352341	4	4	1,0,0,0,4	5
dsx_W1	1735	1758	ACCATAACGCCGTCCGACGAGGG	GTCGCCACCATAACGCCGTCCGACGAGGGCTGAAT	OK	RVS	0.4487840430201463	0.20652100841053223	0.5957807927480406	NONE	NONE	IN_GENOME=1	97.58031883232513	4	7	1,0,0,0,7	8
dsx_W1	1736	1759	CACCATAACGCCGTCCGACGAGG	GGTCGCCACCATAACGCCGTCCGACGAGGGCTGAA	OK	RVS	0.04503884554323283	0.6809523814619047	0.3445569395331931	NONE	NONE	IN_GENOME=1	94.37645872914838	2	1	1,0,1,0,15	17
dsx_W1	1737	1760	CTCGTCGGACGGCGTTATGGTGG	TCAGCCCTCGTCGGACGGCGTTATGGTGGCGACCG	OK	FWD	0.07753252643770767	0.46218487396691177	0.2684916692195686	NONE	NONE	IN_GENOME=1	97.03773272938282	3	3	1,0,0,3,13	17
dsx_W1	1758	1781	GGCGACCGTGACTCGCTCAAAGG	TATGGTGGCGACCGTGACTCGCTCAAAGGCCGTCT	OK	FWD	0.30377070584113214	0.23877551001306116	0.4641310471683832	NONE	NONE	IN_GENOME=1	99.01380587030604	4	8	1,0,0,0,8	9
dsx_W1	1763	1786	GACGGCCTTTGAGCGAGTCACGG	TGGTAAGACGGCCTTTGAGCGAGTCACGGTCGCCA	OK	RVS	0.18292661976216926	0.040516206529411763	0.835718871959003	NONE	NONE	IN_GENOME=1	99.80402955823833	4	6	1,0,0,0,6	7
dsx_W1	1781	1804	GTGCAGAAGGTATGGTAAGACGG	CAATCTGTGCAGAAGGTATGGTAAGACGGCCTTTG	OK	RVS	0.227350192246051	0.44010416653125	0.27921399917049194	NONE	NONE	IN_GENOME=1	97.4061549439874	4	17	1,0,0,0,17	18
dsx_W1	1789	1812	ATCAATCTGTGCAGAAGGTATGG	CAATCAATCAATCTGTGCAGAAGGTATGGTAAGAC	OK	RVS	0.08801804816421825	0.39053254390786135	0.4485431907997529	NONE	NONE	IN_GENOME=1	98.36624865009605	4	13	1,0,0,0,13	14
dsx_W1	1794	1817	AATCAATCAATCTGTGCAGAAGG	CTCTACAATCAATCAATCTGTGCAGAAGGTATGGT	OK	RVS	0.05169414639674874	0.29001074090816326	0.26909967006716756	NONE	NONE	IN_GENOME=1	95.91023366117474	3	1	1,0,0,1,26	28
dsx_W1	1803	1826	CAGATTGATTGATTGTAGAGTGG	TCTGCACAGATTGATTGATTGTAGAGTGGAGTGGA	OK	FWD	0.2527005756953849	0.6964285715803571	0.23733887694017497	NONE	NONE	IN_GENOME=1	96.01862566784786	3	2	1,0,0,2,19	22
dsx_W1	1808	1831	TGATTGATTGTAGAGTGGAGTGG	ACAGATTGATTGATTGTAGAGTGGAGTGGAAAGTG	OK	FWD	0.13182477429041975	0.46390532484181457	0.32579256517488575	NONE	NONE	IN_GENOME=1	96.09185007235895	2	1	1,0,1,3,6	11
dsx_W1	1815	1838	TTGTAGAGTGGAGTGGAAAGTGG	GATTGATTGTAGAGTGGAGTGGAAAGTGGTCTGCT	OK	FWD	0.2545652513330829	0.4992603549463758	0.20447330375891393	NONE	NONE	IN_GENOME=1	92.72787175759886	3	2	1,0,0,2,23	26
dsx_W1	1844	1867	CTAGATCAGCACCGCGCAAACGG	TCTGCTCTAGATCAGCACCGCGCAAACGGTAGTGA	OK	FWD	0.495396448088816	0.21333333331682536	0.5324608095722838	NONE	NONE	IN_GENOME=1	98.62390791947307	4	7	1,0,0,0,7	8
dsx_W1	1855	1878	CTACATCACTACCGTTTGCGCGG	CTTGCGCTACATCACTACCGTTTGCGCGGTGCTGA	OK	RVS	0.8425191626886789	0.20571428543142856	0.4044273745704691	NONE	NONE	IN_GENOME=1	96.86795800792966	3	1	1,0,0,1,12	14
dsx_W1	1862	1885	AACGGTAGTGATGTAGCGCAAGG	CGCGCAAACGGTAGTGATGTAGCGCAAGGATTTTT	OK	FWD	0.39653513837576815	0.46693877578176873	0.5199224795305889	NONE	NONE	IN_GENOME=1	98.06448261442587	4	10	1,0,0,0,10	11
dsx_W1	1922	1945	TTCCCGCATTTCCCCGCCCCCGG	GCAGTATTCCCGCATTTCCCCGCCCCCGGGATTAT	OK	FWD	0.011001135442869625	0.4244897957782313	0.2956197879035141	NONE	NONE	IN_GENOME=1	95.29721004909703	3	2	1,0,0,2,20	23
dsx_W1	1923	1946	TCCCGCATTTCCCCGCCCCCGGG	CAGTATTCCCGCATTTCCCCGCCCCCGGGATTATT	OK	FWD	0.08803710296092886	0.4067226892165967	0.34923506638531526	NONE	NONE	IN_GENOME=1	96.63512150986021	3	1	1,0,0,1,12	14
dsx_W1	1924	1947	TCCCGGGGGCGGGGAAATGCGGG	CAATAATCCCGGGGGCGGGGAAATGCGGGAATACT	OK	RVS	0.008541346033993443	0.4220289854092754	0.3111389682575426	NONE	NONE	IN_GENOME=1	95.3364211673062	3	1	1,0,0,1,15	17
dsx_W1	1925	1948	ATCCCGGGGGCGGGGAAATGCGG	CCAATAATCCCGGGGGCGGGGAAATGCGGGAATAC	OK	RVS	0.008350190693513067	0.32812499981250004	0.3980886855488176	NONE	NONE	IN_GENOME=1	98.17567495254428	3	1	1,0,0,1,15	17
dsx_W1	1931	1954	TTCCCCGCCCCCGGGATTATTGG	CCGCATTTCCCCGCCCCCGGGATTATTGGAAATTA	OK	FWD	0.031635409818733244	0.03229423641354563	0.9618572650579337	NONE	NONE	IN_GENOME=1	99.94452168639421	4	3	1,0,0,0,3	4
dsx_W1	1933	1956	TTCCAATAATCCCGGGGGCGGGG	GGTAATTTCCAATAATCCCGGGGGCGGGGAAATGC	OK	RVS	0.0809866293563633	0.12715855570525902	0.7810451369009571	NONE	NONE	IN_GENOME=1	99.87416535457075	3	1	1,0,0,1,3	5
dsx_W1	1934	1957	TTTCCAATAATCCCGGGGGCGGG	TGGTAATTTCCAATAATCCCGGGGGCGGGGAAATG	OK	RVS	0.0629651528311778	0.13750954928113063	0.6923337116250721	NONE	NONE	IN_GENOME=1	98.70836556008985	3	1	1,0,0,1,5	7
dsx_W1	1935	1958	ATTTCCAATAATCCCGGGGGCGG	ATGGTAATTTCCAATAATCCCGGGGGCGGGGAAAT	OK	RVS	0.07743731703338408	0.527472527032967	0.39857979511906266	NONE	NONE	IN_GENOME=1	95.83121311430244	3	2	1,0,0,2,8	11
dsx_W1	1938	1961	GTAATTTCCAATAATCCCGGGGG	AAAATGGTAATTTCCAATAATCCCGGGGGCGGGGA	OK	RVS	0.9022478093342734	0.31428571412380957	0.7076205287624134	NONE	NONE	IN_GENOME=1	99.39303906535962	4	2	1,0,0,0,2	3
dsx_W1	1939	1962	GGTAATTTCCAATAATCCCGGGG	CAAAATGGTAATTTCCAATAATCCCGGGGGCGGGG	OK	RVS	0.8663830000514223	0.4875000002958333	0.6623322997495461	NONE	NONE	IN_GENOME=1	99.66796318211391	4	2	1,0,0,0,2	3
dsx_W1	1940	1963	TGGTAATTTCCAATAATCCCGGG	CCAAAATGGTAATTTCCAATAATCCCGGGGGCGGG	OK	RVS	0.08858312818199968	0.053571428549999994	0.9432132242316305	NONE	NONE	IN_GENOME=1	99.68491054581325	4	2	1,0,0,0,2	3
dsx_W1	1941	1964	ATGGTAATTTCCAATAATCCCGG	GCCAAAATGGTAATTTCCAATAATCCCGGGGGCGG	OK	RVS	0.007361294821671781	0.0964285713	0.694388842671637	NONE	NONE	IN_GENOME=1	97.84477246150868	3	1	1,0,0,1,7	9
dsx_W1	1946	1969	ATTATTGGAAATTACCATTTTGG	CCCGGGATTATTGGAAATTACCATTTTGGCTAAAC	OK	FWD	0.02071815830258254	0.21333333330666665	0.3554686303995454	GC_0.2	NONE	IN_GENOME=1	97.58218027992268	3	1	1,0,0,1,53	55
dsx_W1	1960	1983	ACACAGTTGTTTAGCCAAAATGG	TCCGTAACACAGTTGTTTAGCCAAAATGGTAATTT	OK	RVS	0.08356090545948988	0.44883116858805194	0.27846086776188766	NONE	NONE	IN_GENOME=1	93.48118582896574	3	3	1,0,0,3,15	19
dsx_W1	1965	1988	TTGGCTAAACAACTGTGTTACGG	ACCATTTTGGCTAAACAACTGTGTTACGGAAAACA	OK	FWD	0.13287180235816384	0.24852941157352942	0.6928497398235075	NONE	NONE	IN_GENOME=1	99.14038683421187	4	5	1,0,0,0,5	6
dsx_W1	2088	2111	CACGCACAATTGCACACCATCGG	CACACGCACGCACAATTGCACACCATCGGTACAGG	OK	FWD	0.34426958679508624	0.44081632612653066	0.2507328899276371	NONE	NONE	IN_GENOME=1	95.00133033822787	3	3	1,0,0,3,27	31
dsx_W1	2094	2117	CAATTGCACACCATCGGTACAGG	CACGCACAATTGCACACCATCGGTACAGGCTGTTG	OK	FWD	0.06136296425188134	0.5333333333206349	0.3216977067788108	NONE	NONE	IN_GENOME=1	96.05128139254973	3	1	1,0,0,1,26	28
dsx_W1	2101	2124	ACACCATCGGTACAGGCTGTTGG	AATTGCACACCATCGGTACAGGCTGTTGGTTTTGA	OK	FWD	0.13487154545013208	0.23757575757151517	0.6143352579033777	NONE	NONE	IN_GENOME=1	99.27361392794421	4	7	1,0,0,0,7	8
dsx_W1	2104	2127	AAACCAACAGCCTGTACCGATGG	CAATCAAAACCAACAGCCTGTACCGATGGTGTGCA	OK	RVS	0.089119677970816	0.2054099743847965	0.510100277838586	NONE	NONE	IN_GENOME=1	97.08774548293992	4	16	1,0,0,0,16	17
dsx_W1	2111	2134	TACAGGCTGTTGGTTTTGATTGG	CATCGGTACAGGCTGTTGGTTTTGATTGGAGAAGG	OK	FWD	0.15718827620477388	0.37500000002083334	0.3373434944553725	NONE	PolyT	IN_GENOME=1	96.15689839067714	3	1	1,0,0,1,16	18
dsx_W1	2117	2140	CTGTTGGTTTTGATTGGAGAAGG	TACAGGCTGTTGGTTTTGATTGGAGAAGGTGACGA	OK	FWD	0.09411696210093114	0.4010416665234375	0.2162082779017182	NONE	PolyT	IN_GENOME=1	93.75502625038675	3	3	1,0,0,3,34	38
dsx_W1	2126	2149	TTGATTGGAGAAGGTGACGATGG	TTGGTTTTGATTGGAGAAGGTGACGATGGCATGTG	OK	FWD	0.2961246709012406	0.17269930045258738	0.5033708781863148	NONE	NONE	IN_GENOME=1	97.64969716528829	3	1	1,0,0,1,11	13
dsx_W1	2133	2156	GAGAAGGTGACGATGGCATGTGG	TGATTGGAGAAGGTGACGATGGCATGTGGGTCGCG	OK	FWD	0.0823571278754591	0.2592592596518518	0.4948897631577266	NONE	NONE	IN_GENOME=1	94.71655374383188	2	1	1,0,1,1,12	15
dsx_W1	2134	2157	AGAAGGTGACGATGGCATGTGGG	GATTGGAGAAGGTGACGATGGCATGTGGGTCGCGC	OK	FWD	0.25388413606630233	0.35294117680147064	0.3538683349343957	NONE	NONE	IN_GENOME=1	94.57090470172656	3	1	1,0,0,1,21	23
dsx_W1	2151	2174	TGTGGGTCGCGCCCGTAAGAAGG	ATGGCATGTGGGTCGCGCCCGTAAGAAGGGTCGCC	OK	FWD	0.1248140954789527	0.2892857142342857	0.4775822397888513	NONE	NONE	IN_GENOME=1	98.68393097419732	4	11	1,0,0,0,11	12
dsx_W1	2152	2175	GTGGGTCGCGCCCGTAAGAAGGG	TGGCATGTGGGTCGCGCCCGTAAGAAGGGTCGCCT	OK	FWD	0.2494834182568816	0.033104150713521775	0.9679566182260927	NONE	NONE	IN_GENOME=1	99.9159961481318	4	2	1,0,0,0,2	3
dsx_W1	2162	2185	TCTGAGGCGACCCTTCTTACGGG	GGGTGATCTGAGGCGACCCTTCTTACGGGCGCGAC	OK	RVS	0.3213131123782458	0.16747181988438004	0.8318864024352908	NONE	NONE	IN_GENOME=1	99.16118024993054	4	2	1,0,0,0,2	3
dsx_W1	2163	2186	ATCTGAGGCGACCCTTCTTACGG	AGGGTGATCTGAGGCGACCCTTCTTACGGGCGCGA	OK	RVS	0.11821721154132676	0.20952380944952378	0.6309230763146543	NONE	NONE	IN_GENOME=1	99.20573443186568	3	1	1,0,0,1,3	5
dsx_W1	2173	2196	GGTCGCCTCAGATCACCCTACGG	AAGAAGGGTCGCCTCAGATCACCCTACGGTGGCGC	OK	FWD	0.7796897699328126	0.20693877589224488	0.6081621562401425	NONE	NONE	IN_GENOME=1	99.12726856265002	4	5	1,0,0,0,5	6
dsx_W1	2176	2199	CGCCTCAGATCACCCTACGGTGG	AAGGGTCGCCTCAGATCACCCTACGGTGGCGCGGA	OK	FWD	0.2128377616372863	0.3494903264066985	0.6759755088553621	NONE	NONE	IN_GENOME=1	98.86362088035477	4	4	1,0,0,0,4	5
dsx_W1	2178	2201	CGCCACCGTAGGGTGATCTGAGG	TGTCCGCGCCACCGTAGGGTGATCTGAGGCGACCC	OK	RVS	0.16326804831175748	0.27368421092631573	0.6352585457283162	NONE	NONE	IN_GENOME=1	98.75655716995733	3	2	1,0,0,2,4	7
dsx_W1	2181	2204	CAGATCACCCTACGGTGGCGCGG	TCGCCTCAGATCACCCTACGGTGGCGCGGACAAAG	OK	FWD	0.5081384331633956	0.30333333324	0.47162336103460617	NONE	NONE	IN_GENOME=1	97.31778412024413	4	10	1,0,0,0,10	11
dsx_W1	2188	2211	CCTTTGTCCGCGCCACCGTAGGG	AATGAACCTTTGTCCGCGCCACCGTAGGGTGATCT	OK	RVS	0.4522965425842979	0.56875	0.42605811091585927	NONE	NONE	IN_GENOME=1	98.26316610442137	3	1	1,0,0,1,7	9
dsx_W1	2188	2211	CCCTACGGTGGCGCGGACAAAGG	AGATCACCCTACGGTGGCGCGGACAAAGGTTCATT	OK	FWD	0.08802063131510479	0.2225274725583791	0.6454939224781332	NONE	NONE	IN_GENOME=1	99.48315650385557	4	6	1,0,0,0,6	7
dsx_W1	2189	2212	ACCTTTGTCCGCGCCACCGTAGG	AAATGAACCTTTGTCCGCGCCACCGTAGGGTGATC	OK	RVS	0.11927163098078612	0.5416666666583333	0.3034438000006668	NONE	NONE	IN_GENOME=1	95.3003966174274	3	1	1,0,0,1,15	17
dsx_W1	2210	2233	GTTCATTTTTAATAAAGTTGTGG	ACAAAGGTTCATTTTTAATAAAGTTGTGGCACGAT	OK	FWD	0.13103129091897647	0.44683136406831364	0.3803994040338062	GC_0.2	PolyT	IN_GENOME=1	96.82113884923226	3	1	1,0,0,1,14	16
dsx_W1	2239	2262	AACGATGACGATGTTGACTCAGG	CACGATAACGATGACGATGTTGACTCAGGTATTGG	OK	FWD	0.07938089147508434	0.3723958333046875	0.22231952145336964	NONE	NONE	IN_GENOME=1	95.01236121557109	3	3	1,0,0,3,38	42
dsx_W1	2245	2268	GACGATGTTGACTCAGGTATTGG	AACGATGACGATGTTGACTCAGGTATTGGTTGAAC	OK	FWD	0.1926728272183267	0.05741626798468899	0.9457013574284064	NONE	NONE	IN_GENOME=1	99.73081450425725	4	1	1,0,0,0,1	2
dsx_W1	2256	2279	CTCAGGTATTGGTTGAACGATGG	TGTTGACTCAGGTATTGGTTGAACGATGGTTGGAA	OK	FWD	0.44788566887317033	0.06349206333968253	0.9099923872194333	NONE	NONE	IN_GENOME=1	99.79313776883039	4	3	1,0,0,0,3	4
dsx_W1	2260	2283	GGTATTGGTTGAACGATGGTTGG	GACTCAGGTATTGGTTGAACGATGGTTGGAAGGTT	OK	FWD	0.5711705930748571	0.3121248500957383	0.5582571583419889	NONE	NONE	IN_GENOME=1	98.94896547937243	3	1	1,0,0,1,8	10
dsx_W1	2264	2287	TTGGTTGAACGATGGTTGGAAGG	CAGGTATTGGTTGAACGATGGTTGGAAGGTTGATT	OK	FWD	0.03499381125353789	0.49870129856831175	0.1510723262892759	NONE	NONE	IN_GENOME=1	89.38491456603181	2	1	1,0,1,4,31	37
dsx_W1	2272	2295	ACGATGGTTGGAAGGTTGATTGG	NONE	OK	FWD	NA	0.2858554489084557	0.343496052973977	NONE	NONE	IN_GENOME=1	96.86088591392597	3	1	1,0,0,1,16	18
