rank,strand,region_offset,genomic_pos,protospacer,pam,efficacy,offtarget_hits_le3mm_110kb,gc,homopolymer,score
1,+,19412,47619412,ACGGACGGATACAGACTGGA,CGG,1.3447,0,0.550,2,1.3447
2,-,39962,47639962,GCATACACTCCTAATTCGTA,TGG,1.3415,0,0.400,2,1.3415
3,+,75319,47675319,GGAAACAAGCGGAAGGAAGG,AGG,1.3264,0,0.550,3,1.3264
4,-,99770,47699770,GAGGACACACACGTGTGAAG,GGG,1.3222,0,0.550,2,1.3222
5,-,79311,47679311,TTGGCTTACCGATGCATCAT,CGG,1.3097,0,0.450,2,1.3097
6,+,98282,47698282,GATCCAAGCTGCAGTCCAAG,GGG,1.3019,0,0.550,2,1.3019
7,-,99771,47699771,CGAGGACACACACGTGTGAA,GGG,1.2976,0,0.550,2,1.2976
8,+,20515,47620515,TTGTAGAGTGGAGTGGAAAG,TGG,1.2967,0,0.450,3,1.2967
9,+,84461,47684461,TCAGGACGCGCGATGGACGG,TGG,1.2945,0,0.700,2,1.2945
10,+,90537,47690537,GAATACATACCAATCGTTCA,AGG,1.2942,0,0.350,2,1.2942
11,-,95204,47695204,TGCAGTGAAACCCGCGTGGA,CGG,1.2849,0,0.600,3,1.2849
12,+,62489,47662489,ACATAGCAAATCCCAAGTCG,AGG,1.2751,0,0.450,3,1.2751
13,+,76361,47676361,ATTGTCCTAGGTCAGTGTCA,TGG,1.2739,0,0.450,2,1.2739
14,-,38673,47638673,TCGTCGTTCGGTGTGCTGGA,CGG,1.2733,0,0.600,2,1.2733
15,+,32263,47632263,CTAGCGTACTGGTCGGAGTG,TGG,1.2719,0,0.600,2,1.2719
16,-,84140,47684140,GACGTACTTTAACCAAGCTA,TGG,1.2566,0,0.400,3,1.2566
17,+,87919,47687919,TGTTTAGTGCGGAAGTTTGG,AGG,1.2506,0,0.450,3,1.2506
18,-,18466,47618466,TGTGTGTGACGGAGTATGGA,CGG,1.2461,0,0.500,2,1.2461
19,+,69094,47669094,ATGATGCAATACCTTAGGCA,AGG,1.2453,0,0.400,2,1.2453
20,+,38952,47638952,TACTTCCACGGTCGAATGCG,CGG,1.2431,0,0.550,2,1.2431
21,+,25106,47625106,AACAGACCTGCACAGAACGG,CGG,1.2365,0,0.550,2,1.2365
22,+,87920,47687920,GTTTAGTGCGGAAGTTTGGA,GGG,1.2347,0,0.450,3,1.2347
23,+,82825,47682825,AGTCCTCAAGGAGGACACGA,TGG,1.2317,0,0.550,2,1.2317
24,+,22372,47622372,AGCTAGCTAACTTAACCTGT,TGG,1.2310,0,0.400,2,1.2310
25,+,55480,47655480,GAAGCTAGGAGAGGTGAAGT,GGG,1.2256,0,0.500,2,1.2256
26,-,99772,47699772,CCGAGGACACACACGTGTGA,AGG,1.2244,0,0.600,2,1.2244
27,-,44467,47644467,GTTCCGAATGCCGTATGGAA,AGG,1.2235,0,0.500,2,1.2235
28,-,18459,47618459,GACGGAGTATGGACGGACGA,TGG,1.2170,0,0.600,2,1.2170
29,-,38677,47638677,CCACTCGTCGTTCGGTGTGC,TGG,1.2091,0,0.650,2,1.2091
30,+,19081,47619081,GCGGTACACTGCACTGTCCG,CGG,1.2089,0,0.650,2,1.2089
31,-,41211,47641211,AATCAACCAAGTGATAAACA,CGG,1.2041,0,0.300,3,1.2041
32,-,82402,47682402,AGAGGGCCGTGTTCAGCCTG,CGG,1.2028,0,0.650,3,1.2028
33,-,95208,47695208,CCGTTGCAGTGAAACCCGCG,TGG,1.2027,0,0.650,3,1.2027
34,+,46721,47646721,TTACACTGTATTCCCGAAGT,TGG,1.1992,0,0.400,3,1.1992
35,-,98444,47698444,TCTGTGTGTCGCAGTGATAC,AGG,1.1987,0,0.500,1,1.1987
36,+,73179,47673179,GGAATGAAGTAGTAACGCTG,TGG,1.1980,0,0.450,2,1.1980
37,-,53717,47653717,CGAGCGTAAAGAGTGTGAAG,GGG,1.1954,0,0.500,3,1.1954
38,+,84705,47684705,AGAGACCTTAGACTGTGCAA,TGG,1.1919,0,0.450,2,1.1919
39,-,44472,47644472,TTTCCGTTCCGAATGCCGTA,TGG,1.1876,0,0.500,3,1.1876
40,-,62707,47662707,TGTGGTTTACATTGTACTCA,TGG,1.1870,0,0.350,3,1.1870
41,+,29037,47629037,ATACTATGCCCGCTCTGGGT,GGG,1.1815,0,0.550,3,1.1815
42,+,33667,47633667,GCGTACGCATGCATGCAGTG,TGG,1.1811,0,0.600,1,1.1811
43,+,34479,47634479,AATGCACGTGAGAAGAGCCG,AGG,1.1803,0,0.550,2,1.1803
44,-,46443,47646443,GTTGGCAATGATTTATCGGT,TGG,1.1795,0,0.400,3,1.1795
45,+,32256,47632256,CATTGCACTAGCGTACTGGT,CGG,1.1788,0,0.500,2,1.1788
46,-,60811,47660811,GAAGTGTGACAGACACTTCG,GGG,1.1774,0,0.500,2,1.1774
47,+,61374,47661374,TAGTTTACGACACTGTGACG,CGG,1.1761,0,0.450,3,1.1761
48,+,32342,47632342,TCCTAAGTCGTACACAAACT,TGG,1.1761,0,0.400,3,1.1761
49,+,64540,47664540,TATGCAATCGTCACGGTGAA,CGG,1.1755,0,0.450,2,1.1755
50,+,87908,47687908,CAGGAAGTTGTTGTTTAGTG,CGG,1.1754,0,0.400,3,1.1754
51,-,23562,47623562,GCAAGGAAGCTAGTCGGACA,GGG,1.1744,0,0.550,2,1.1744
52,-,63183,47663183,ACGTCGCATTAATTAGTCAG,AGG,1.1737,0,0.400,2,1.1737
53,-,67889,47667889,TTTGGTTTGGTGAATTAGTT,CGG,1.1729,0,0.300,3,1.1729
54,+,98134,47698134,TGTTTACACACTGTGCCGCA,GGG,1.1725,0,0.500,3,1.1725
55,-,52073,47652073,TGTTAAGTGGAAATGAGCTG,CGG,1.1701,0,0.400,3,1.1701
56,-,57381,47657381,TTGGAGCCGATAGAGCCAAC,GGG,1.1669,0,0.550,2,1.1669
57,-,59380,47659380,CGCTTGTCTAGAGCCTTCCG,CGG,1.1665,0,0.600,2,1.1665
58,-,56336,47656336,GTGTTGGATGATTGTAGCCA,AGG,1.1652,0,0.450,2,1.1652
59,-,60810,47660810,AAGTGTGACAGACACTTCGG,GGG,1.1649,0,0.500,2,1.1649
60,+,29036,47629036,TATACTATGCCCGCTCTGGG,TGG,1.1641,0,0.550,3,1.1641
61,+,21319,47621319,GGAGTGGACACACTGTGTGG,CGG,1.1640,0,0.600,2,1.1640
62,-,15750,47615750,CTTTACAACGGTCGTAAACT,AGG,1.1631,0,0.400,3,1.1631
63,+,62900,47662900,GTGGCGAGTGACCAGAATAG,AGG,1.1629,0,0.550,2,1.1629
64,+,21641,47621641,GTACGAATACCCACGATCGG,TGG,1.1628,0,0.550,3,1.1628
65,-,77466,47677466,GCATTCAGCGATGCATGGCT,TGG,1.1626,0,0.550,2,1.1626
66,+,19408,47619408,GCTGACGGACGGATACAGAC,TGG,1.1624,0,0.600,2,1.1624
67,+,67455,47667455,TGAGCTAGGTCCCACCCGGT,CGG,1.1619,0,0.650,3,1.1619
68,+,29205,47629205,CATAACACTACTCCTACTGA,CGG,1.1618,0,0.400,2,1.1618
69,-,98443,47698443,CTGTGTGTCGCAGTGATACA,GGG,1.1612,0,0.500,1,1.1612
70,-,95162,47695162,TCGTGAGTGTGTGTGTTGAA,GGG,1.1606,0,0.450,2,1.1606
71,+,90817,47690817,GATCCGTTTAAACCGAACCG,GGG,1.1605,0,0.500,3,1.1605
72,-,92522,47692522,ACGGAAGCAATGTCCGACTC,CGG,1.1578,0,0.550,2,1.1578
73,+,67441,47667441,TGACATTGAGCCATTGAGCT,AGG,1.1558,0,0.450,2,1.1558
74,+,20508,47620508,TGATTGATTGTAGAGTGGAG,TGG,1.1558,0,0.400,2,1.1558
75,+,19416,47619416,ACGGATACAGACTGGACGGC,AGG,1.1554,0,0.600,2,1.1554
76,+,91055,47691055,GCTAAAGAATGTACCAATGG,GGG,1.1548,0,0.400,3,1.1548
77,-,86585,47686585,TGTGTTCGGCCGAAGAGCGG,GGG,1.1532,0,0.650,2,1.1532
78,+,47780,47647780,ACCAGCCTGGTAATCATCGG,AGG,1.1524,0,0.550,2,1.1524
79,-,53714,47653714,GCGTAAAGAGTGTGAAGGGG,AGG,1.2524,0,0.550,4,1.1524
80,-,45543,47645543,GACTGTTTAACGTACCAATA,CGG,1.1506,0,0.350,3,1.1506
81,+,77927,47677927,AATACAATCGATCATTACAG,AGG,1.1503,0,0.300,2,1.1503
82,-,79752,47679752,GATGCATGATCAATGTTGTG,CGG,1.1503,0,0.400,2,1.1503
83,-,40241,47640241,CTAGTTTACAGTGTGCTAGG,TGG,1.1501,0,0.450,3,1.1501
84,+,57660,47657660,ATCGACTGTGACATTACACA,GGG,1.1495,0,0.400,2,1.1495
85,+,18892,47618892,GAAGATCAAAGAATGTCCGA,AGG,1.1477,0,0.400,3,1.1477
86,+,49559,47649559,CGTACCTCTCGATGCAGCGA,AGG,1.1463,0,0.600,2,1.1463
87,+,36435,47636435,ACAAGTCATTGAGTAAACGT,CGG,1.1416,0,0.350,3,1.1416
88,-,16481,47616481,AAAGAGGTCCACGGCACACC,GGG,1.1405,0,0.600,3,1.1405
89,-,91501,47691501,GTTCGGTGGAGCACTGCGCT,AGG,1.1404,0,0.650,2,1.1404
90,+,69107,47669107,TTAGGCAAGGATGTACTTCA,TGG,1.1397,0,0.400,2,1.1397
91,+,92898,47692898,GTTTCGCGCGGCGTATTTCA,CGG,1.1389,0,0.550,3,1.1389
92,+,49432,47649432,TATACCCACCTCTTGAACCG,AGG,1.1377,0,0.500,3,1.1377
93,-,68488,47668488,GAAGGACCCACCAAAGTCGT,CGG,1.1376,0,0.550,3,1.1376
94,-,22174,47622174,GTTTAACACAGGTCAAGCGG,TGG,1.1373,0,0.500,3,1.1373
95,-,87440,47687440,CATGAGTGAGACATCTATGA,CGG,1.1365,0,0.400,1,1.1365
96,-,13939,47613939,TAGTTGAACAGCACATCACA,TGG,1.1365,0,0.400,2,1.1365
97,+,84709,47684709,ACCTTAGACTGTGCAATGGA,TGG,1.1347,0,0.450,2,1.1347
98,+,36859,47636859,CGAAGGTGCAGCATAGCGAG,CGG,1.1337,0,0.600,2,1.1337
99,-,99732,47699732,GTAATGAGACTGTCGTAGCG,AGG,1.1334,0,0.500,2,1.1334
100,+,73180,47673180,GAATGAAGTAGTAACGCTGT,GGG,1.1333,0,0.400,2,1.1333
101,-,96739,47696739,CGTACATGCATACACGTGCT,CGG,1.1329,0,0.500,1,1.1329
102,+,75006,47675006,GTTACACTGTAAATGAAACA,AGG,1.1325,0,0.300,3,1.1325
103,+,76349,47676349,AATCAGTTTCTAATTGTCCT,AGG,1.1315,0,0.300,3,1.1315
104,-,45271,47645271,CGTAGTAAAGTCGTCGTATC,GGG,1.1299,0,0.450,3,1.1299
105,-,58366,47658366,ATCATCGGATGCTGATCGGA,CGG,1.1292,0,0.500,2,1.1292
106,+,48500,47648500,TTTACCTACACTCGGCGAGG,TGG,1.1283,0,0.550,3,1.1283
107,-,77456,47677456,ATGCATGGCTTGGTATAGAG,GGG,1.1281,0,0.450,2,1.1281
108,-,53271,47653271,AGCGAAGAGGTCACGAATGG,TGG,1.1276,0,0.550,2,1.1276
109,-,91487,47691487,TGCGCTAGGCTCCAGAGAGG,AGG,1.1272,0,0.650,2,1.1272
110,-,15642,47615642,TGATGCACTTGTAGTAGACC,GGG,1.1265,0,0.450,2,1.1265
111,-,60438,47660438,TAAGCGTACTCCGCTGGGAG,TGG,1.1264,0,0.600,3,1.1264
112,-,19010,47619010,GATTAGACAGTAGGCAAGTG,GGG,1.1246,0,0.450,2,1.1246
113,-,69863,47669863,CAAACCATACACAGACACAC,AGG,1.1243,0,0.450,3,1.1243
114,+,82816,47682816,AGCGAAACTAGTCCTCAAGG,AGG,1.1242,0,0.500,3,1.1242
115,-,28557,47628557,TAGCGAAAGATTTACGCGGG,GGG,1.1240,0,0.500,3,1.1240
116,+,55479,47655479,TGAAGCTAGGAGAGGTGAAG,TGG,1.1233,0,0.500,2,1.1233
117,+,75316,47675316,ACGGGAAACAAGCGGAAGGA,AGG,1.1232,0,0.550,3,1.1232
118,+,80333,47680333,AGATGCTCCGATACACAGGG,AGG,1.1232,0,0.550,3,1.1232
119,+,62114,47662114,AAGCGGCAATGCAGCAATGA,AGG,1.1226,0,0.500,2,1.1226
120,+,64547,47664547,TCGTCACGGTGAACGGTGAA,AGG,1.1225,0,0.550,2,1.1225
121,+,98281,47698281,TGATCCAAGCTGCAGTCCAA,GGG,1.1221,0,0.500,2,1.1221
122,+,13353,47613353,TGTTCTACCACAAAGGGCGA,AGG,1.1215,0,0.500,3,1.1215
123,+,59491,47659491,ATAGTCCGCGGGTCTGCCGG,TGG,1.1213,0,0.700,3,1.1213
124,-,22623,47622623,ACATCTACTGTACCTAGCAC,CGG,1.1192,0,0.450,2,1.1192
125,+,38055,47638055,AGCTATCTCTGGCTTAACGA,GGG,1.1191,0,0.450,2,1.1191
126,-,17399,47617399,GTATACATCGTGCACGGACG,CGG,1.1176,0,0.550,2,1.1176
127,+,25995,47625995,CGTTTAATCTCAGATAAGAC,CGG,1.1168,0,0.350,3,1.1168
128,-,28558,47628558,ATAGCGAAAGATTTACGCGG,GGG,1.1160,0,0.450,3,1.1160
129,+,99533,47699533,GTGTGAGAGAAGTTGATCGT,AGG,1.1148,0,0.450,2,1.1148
130,+,11862,47611862,GAAATGTGAAGGACTAATGA,AGG,1.1146,0,0.350,3,1.1146
131,-,50911,47650911,TTGATAGTCAATCCCATTGA,TGG,1.1144,0,0.350,3,1.1144
132,+,82037,47682037,GTGACCTTAATCCCGTCGCA,CGG,1.1143,0,0.550,3,1.1143
133,+,12981,47612981,CAACAGCAATGATCGTAACG,GGG,1.1134,0,0.450,2,1.1134
134,-,95849,47695849,AAACCCGGAAACTTTACGTT,CGG,1.1102,0,0.400,3,1.1102
135,-,45795,47645795,TTAGGAGTAATGGAGTGATA,AGG,1.1085,0,0.350,2,1.1085
136,-,74119,47674119,TGTTTCAGGACAGAACAGGA,GGG,1.1070,0,0.450,3,1.1070
137,-,16033,47616033,GATCGATACTCCTCGGGCCC,GGG,1.1069,0,0.650,3,1.1069
138,-,91536,47691536,AGATTGTAGTTCCCGTCGCG,AGG,1.1069,0,0.550,3,1.1069
139,+,18651,47618651,GTTTCCAGTATCCAGTTCGA,TGG,1.1065,0,0.450,3,1.1065
140,+,21316,47621316,GTTGGAGTGGACACACTGTG,TGG,1.1064,0,0.550,2,1.1064
141,-,60351,47660351,CAATCGTTGACCTAGGTCGG,TGG,1.1056,0,0.550,2,1.1056
142,-,18470,47618470,TGTGTGTGTGTGACGGAGTA,TGG,1.1775,1,0.500,2,0.6775
143,-,90588,47690588,CACCTCATATACACGCACAC,AGG,1.1273,1,0.500,2,0.6273
144,-,95161,47695161,CGTGAGTGTGTGTGTTGAAG,GGG,1.1250,1,0.500,2,0.6250
145,-,98354,47698354,CAGCGAGATATTGAATTGTT,CGG,1.1233,1,0.350,2,0.6233
146,-,30338,47630338,CATGCAGAAACACACACACA,CGG,1.1306,4,0.450,3,-0.8694
147,+,59363,47659363,ACACACACACACTCACTCCG,CGG,1.2022,7,0.550,2,-2.2978
148,-,98666,47698666,AGAGAGAGAGTGGAAGAGAG,GGG,1.1205,19,0.500,2,-8.3795
149,-,84543,47684543,GCACACACACACACAAACCC,GGG,1.1683,46,0.550,3,-21.8317
150,+,21149,47621149,CTAACACACACACACACACT,TGG,1.1653,62,0.450,2,-29.8347
