protospacer,strand,genomic_pos,efficacy,constraint_bonus,constraint_label,gw_mm0,gw_mm1,gw_mm2,gw_mm3,specificity_filter,score_v3,rank_v3
TGGGCAGTATGCGTTAGGGT,-,47619040,0.9248,0.5,"intronic/intergenic,splice_proximal(d=8)",0,0,0,4,pass,1.2248,1
CATTAAGACCTACGAAGCGC,-,47620304,0.9004,0.75,"exonic(23/23),splice_proximal(d=10)",0,0,0,9,pass,1.2004,2
GAAGCGAGCCCAATGGCTGT,-,47622796,0.9367,0.75,"exonic(23/23),splice_proximal(d=13)",0,0,0,10,pass,1.1867,3
CCCGAGCCGCAGCATATGGG,-,47692039,0.7501,0.75,"exonic(22/23),splice_proximal(d=0)",0,0,0,8,pass,1.1001,4
TGCAGTGAAACCCGCGTGGA,-,47695204,1.2849,0.25,exonic(23/23),0,0,0,10,pass,1.0349,5
TTACCAGGTAGGAGATTTAC,+,47655247,0.6817,0.75,"exonic(19/23),splice_proximal(d=0)",0,0,0,8,pass,1.0317,6
CTAGCTCGTCGTCTGAAATG,+,47622820,0.9523,0.75,"exonic(12/23),splice_proximal(d=0)",0,0,0,14,pass,1.0023,7
ACTAGCTCGTCGTCTGAAAT,+,47622819,0.7492,0.75,"exonic(13/23),splice_proximal(d=0)",0,0,0,10,pass,0.9992,8
GCGGTACACTGCACTGTCCG,+,47619081,1.2089,0.75,"exonic(23/23),splice_proximal(d=11)",0,0,1,12,pass,0.8589,9
AGCTAGTGAAGCGAGCCCAA,-,47622803,1.1011,0.75,"exonic(23/23),splice_proximal(d=6)",0,0,1,11,pass,0.8011,10
GAACCTGTAAATCTCCTACC,-,47655250,0.9013,0.75,"exonic(22/23),splice_proximal(d=0)",0,0,1,9,pass,0.7013,11
TCGAGGAAGCGATGGTGCTA,+,47693451,0.8406,0.75,"exonic(23/23),splice_proximal(d=10)",0,0,1,12,pass,0.4906,12
GGTAGGAGATTTACAGGTTC,+,47655253,0.6784,0.75,"exonic(23/23),splice_proximal(d=2)",0,0,1,9,pass,0.4784,13
CACTAGCTCGTCGTCTGAAA,+,47622818,0.6981,0.75,"exonic(14/23),splice_proximal(d=0)",0,0,1,10,pass,0.4481,14
TATGCTGCGGCTCGGGAACG,+,47692046,0.6975,0.75,"exonic(23/23),splice_proximal(d=6)",0,0,0,20,pass,0.4475,15
ACCTCTCCGAACGTTTGCAT,-,47700884,0.7022,0.75,"exonic(23/23),splice_proximal(d=14)",0,0,1,13,pass,0.3022,16
CCGTTGCAGTGAAACCCGCG,-,47695208,1.2027,0.25,exonic(23/23),0,0,1,14,pass,0.2527,17
TACTTACCTCCCATATGCTG,+,47692033,0.9579,0.75,"exonic(16/23),splice_proximal(d=0)",0,0,2,21,pass,-0.3421,18
TGCGGCTCGGGAACGTGGTG,+,47692051,0.8804,0.75,"exonic(23/23),splice_proximal(d=11)",0,0,2,21,pass,-0.4196,19
GTCGAGGAAGCGATGGTGCT,+,47693450,0.6765,0.75,"exonic(23/23),splice_proximal(d=11)",0,0,2,17,pass,-0.4235,20
GCACACCAGCGGATCGACGA,-,47622696,0.9941,0.75,"exonic(22/23),splice_proximal(d=0)",0,0,3,22,pass,-0.8559,21
ACACTTACCTTTTTGTACAG,+,47619062,0.9353,0.75,"exonic(15/23),splice_proximal(d=0)",0,0,3,23,pass,-0.9647,22
ACGGACGGATACAGACTGGA,+,47619412,1.3447,0.25,exonic(23/23),0,0,1,47,pass,-1.2553,23
GTGCGAAGCGCACGAAACAC,+,47700905,0.7108,0.75,"exonic(16/23),splice_proximal(d=0)",0,0,5,20,pass,-2.0392,24
ATGTACAAAAAGCACACCAG,-,47622707,1.0716,0.75,"exonic(23/23),splice_proximal(d=10)",0,0,4,57,pass,-3.0284,25
TGTGTCGTTTACCTTTTTGG,+,47620325,0.865,0.75,"exonic(12/23),splice_proximal(d=0)",0,0,6,61,pass,-4.435,26
GCTTACCTTCGTCGATCCGC,+,47622691,0.8302,0.75,"exonic(17/23),splice_proximal(d=0)",0,0,4,456,pass,-23.2198,27
GCGGATCGACGAAGGTAAGC,-,47622688,0.7563,0.75,"exonic(14/23),splice_proximal(d=0)",0,0,4,456,pass,-23.2937,28
CAGTGTACCGCTGTACAAAA,-,47619069,0.9725,0.75,"exonic(22/23),splice_proximal(d=0)",0,1,5,39,FAIL,,
ACGGTGGCGCGCGAGCGAGA,-,47696369,0.6718,0.75,"exonic(23/23),splice_proximal(d=2)",0,1,2,46,FAIL,,
